[debug] [2026-05-08T18:00:53.800Z] ----------------------------------------------------------------------
[debug] [2026-05-08T18:00:53.805Z] Command:       /usr/local/bin/node /Users/junui/.npm-global/bin/firebase deploy --only functions
[debug] [2026-05-08T18:00:53.805Z] CLI Version:   15.17.0
[debug] [2026-05-08T18:00:53.805Z] Platform:      darwin
[debug] [2026-05-08T18:00:53.805Z] Node Version:  v24.11.1
[debug] [2026-05-08T18:00:53.805Z] Time:          Sat May 09 2026 03:00:53 GMT+0900 (대한민국 표준시)
[debug] [2026-05-08T18:00:53.805Z] ----------------------------------------------------------------------
[debug] 
[debug] [2026-05-08T18:00:54.449Z] > command requires scopes: ["email","openid","https://www.googleapis.com/auth/cloudplatformprojects.readonly","https://www.googleapis.com/auth/firebase","https://www.googleapis.com/auth/cloud-platform"]
[debug] [2026-05-08T18:00:54.449Z] > authorizing via signed-in user (jju07232@gmail.com)
[debug] [2026-05-08T18:00:54.449Z] [iam] checking project all---in for permissions ["cloudfunctions.functions.create","cloudfunctions.functions.delete","cloudfunctions.functions.get","cloudfunctions.functions.list","cloudfunctions.functions.update","cloudfunctions.operations.get","firebase.projects.get"]
[debug] [2026-05-08T18:00:54.450Z] Checked if tokens are valid: true, expires at: 1778265671212
[debug] [2026-05-08T18:00:54.450Z] Checked if tokens are valid: true, expires at: 1778265671212
[debug] [2026-05-08T18:00:54.450Z] >>> [apiv2][query] POST https://cloudresourcemanager.googleapis.com/v1/projects/all---in:testIamPermissions [none]
[debug] [2026-05-08T18:00:54.450Z] >>> [apiv2][(partial)header] POST https://cloudresourcemanager.googleapis.com/v1/projects/all---in:testIamPermissions  x-goog-user-project=all---in
[debug] [2026-05-08T18:00:54.450Z] >>> [apiv2][body] POST https://cloudresourcemanager.googleapis.com/v1/projects/all---in:testIamPermissions {"permissions":["cloudfunctions.functions.create","cloudfunctions.functions.delete","cloudfunctions.functions.get","cloudfunctions.functions.list","cloudfunctions.functions.update","cloudfunctions.operations.get","firebase.projects.get"]}
[debug] [2026-05-08T18:00:54.761Z] <<< [apiv2][status] POST https://cloudresourcemanager.googleapis.com/v1/projects/all---in:testIamPermissions 200
[debug] [2026-05-08T18:00:54.761Z] <<< [apiv2][body] POST https://cloudresourcemanager.googleapis.com/v1/projects/all---in:testIamPermissions {"permissions":["cloudfunctions.functions.create","cloudfunctions.functions.delete","cloudfunctions.functions.get","cloudfunctions.functions.list","cloudfunctions.functions.update","cloudfunctions.operations.get","firebase.projects.get"]}
[debug] [2026-05-08T18:00:54.762Z] Checked if tokens are valid: true, expires at: 1778265671212
[debug] [2026-05-08T18:00:54.762Z] Checked if tokens are valid: true, expires at: 1778265671212
[debug] [2026-05-08T18:00:54.762Z] >>> [apiv2][query] POST https://iam.googleapis.com/v1/projects/all---in/serviceAccounts/all---in@appspot.gserviceaccount.com:testIamPermissions [none]
[debug] [2026-05-08T18:00:54.762Z] >>> [apiv2][body] POST https://iam.googleapis.com/v1/projects/all---in/serviceAccounts/all---in@appspot.gserviceaccount.com:testIamPermissions {"permissions":["iam.serviceAccounts.actAs"]}
[debug] [2026-05-08T18:00:55.910Z] <<< [apiv2][status] POST https://iam.googleapis.com/v1/projects/all---in/serviceAccounts/all---in@appspot.gserviceaccount.com:testIamPermissions 404
[debug] [2026-05-08T18:00:55.911Z] <<< [apiv2][body] POST https://iam.googleapis.com/v1/projects/all---in/serviceAccounts/all---in@appspot.gserviceaccount.com:testIamPermissions {"error":{"code":404,"message":"Unknown service account","status":"NOT_FOUND"}}
[debug] [2026-05-08T18:00:55.912Z] [functions] service account IAM check errored, deploy may fail: Request to https://iam.googleapis.com/v1/projects/all---in/serviceAccounts/all---in@appspot.gserviceaccount.com:testIamPermissions had HTTP Error: 404, Unknown service account {"name":"FirebaseError","children":[],"context":{"body":{"error":{"code":404,"message":"Unknown service account","status":"NOT_FOUND"}},"response":{"statusCode":404}},"exit":1,"message":"Request to https://iam.googleapis.com/v1/projects/all---in/serviceAccounts/all---in@appspot.gserviceaccount.com:testIamPermissions had HTTP Error: 404, Unknown service account","status":404}
[info] 
[info] === Deploying to 'all---in'...
[info] 
[info] i  deploying functions 
[debug] [2026-05-08T18:00:55.917Z] Checked if tokens are valid: true, expires at: 1778265671212
[debug] [2026-05-08T18:00:55.917Z] Checked if tokens are valid: true, expires at: 1778265671212
[debug] [2026-05-08T18:00:55.917Z] >>> [apiv2][query] GET https://serviceusage.googleapis.com/v1/projects/all---in/services/cloudresourcemanager.googleapis.com [none]
[debug] [2026-05-08T18:00:55.917Z] >>> [apiv2][(partial)header] GET https://serviceusage.googleapis.com/v1/projects/all---in/services/cloudresourcemanager.googleapis.com  x-goog-user-project=all---in
[debug] [2026-05-08T18:00:57.109Z] <<< [apiv2][status] GET https://serviceusage.googleapis.com/v1/projects/all---in/services/cloudresourcemanager.googleapis.com 200
[debug] [2026-05-08T18:00:57.109Z] <<< [apiv2][body] GET https://serviceusage.googleapis.com/v1/projects/all---in/services/cloudresourcemanager.googleapis.com [omitted]
[debug] [2026-05-08T18:00:57.118Z] Checked if tokens are valid: true, expires at: 1778265671212
[debug] [2026-05-08T18:00:57.118Z] Checked if tokens are valid: true, expires at: 1778265671212
[debug] [2026-05-08T18:00:57.118Z] >>> [apiv2][query] GET https://cloudresourcemanager.googleapis.com/v1/projects/all---in [none]
[debug] [2026-05-08T18:00:57.369Z] <<< [apiv2][status] GET https://cloudresourcemanager.googleapis.com/v1/projects/all---in 200
[debug] [2026-05-08T18:00:57.370Z] <<< [apiv2][body] GET https://cloudresourcemanager.googleapis.com/v1/projects/all---in {"projectNumber":"436624512869","projectId":"all---in","lifecycleState":"ACTIVE","name":"All - in","labels":{"firebase":"enabled","firebase-core":"disabled"},"createTime":"2026-03-31T14:27:41.436Z"}
[info] i  functions: preparing codebase default for deployment 
[info] i  functions: ensuring required API cloudfunctions.googleapis.com is enabled... 
[info] i  functions: ensuring required API cloudbuild.googleapis.com is enabled... 
[debug] [2026-05-08T18:00:57.373Z] Checked if tokens are valid: true, expires at: 1778265671212
[debug] [2026-05-08T18:00:57.373Z] Checked if tokens are valid: true, expires at: 1778265671212
[info] i  artifactregistry: ensuring required API artifactregistry.googleapis.com is enabled... 
[debug] [2026-05-08T18:00:57.374Z] Checked if tokens are valid: true, expires at: 1778265671212
[debug] [2026-05-08T18:00:57.374Z] Checked if tokens are valid: true, expires at: 1778265671212
[debug] [2026-05-08T18:00:57.374Z] >>> [apiv2][query] GET https://serviceusage.googleapis.com/v1/projects/all---in/services/cloudbuild.googleapis.com [none]
[debug] [2026-05-08T18:00:57.374Z] >>> [apiv2][(partial)header] GET https://serviceusage.googleapis.com/v1/projects/all---in/services/cloudbuild.googleapis.com  x-goog-user-project=all---in
[debug] [2026-05-08T18:00:57.375Z] >>> [apiv2][query] GET https://serviceusage.googleapis.com/v1/projects/all---in/services/artifactregistry.googleapis.com [none]
[debug] [2026-05-08T18:00:57.375Z] >>> [apiv2][(partial)header] GET https://serviceusage.googleapis.com/v1/projects/all---in/services/artifactregistry.googleapis.com  x-goog-user-project=all---in
[debug] [2026-05-08T18:00:58.429Z] <<< [apiv2][status] GET https://serviceusage.googleapis.com/v1/projects/all---in/services/cloudbuild.googleapis.com 200
[debug] [2026-05-08T18:00:58.429Z] <<< [apiv2][body] GET https://serviceusage.googleapis.com/v1/projects/all---in/services/cloudbuild.googleapis.com [omitted]
[info] ✔  functions: required API cloudbuild.googleapis.com is enabled 
[debug] [2026-05-08T18:00:58.552Z] <<< [apiv2][status] GET https://serviceusage.googleapis.com/v1/projects/all---in/services/artifactregistry.googleapis.com 200
[debug] [2026-05-08T18:00:58.553Z] <<< [apiv2][body] GET https://serviceusage.googleapis.com/v1/projects/all---in/services/artifactregistry.googleapis.com [omitted]
[info] ✔  artifactregistry: required API artifactregistry.googleapis.com is enabled 
[debug] [2026-05-08T18:00:58.562Z] Checked if tokens are valid: true, expires at: 1778265671212
[debug] [2026-05-08T18:00:58.562Z] Checked if tokens are valid: true, expires at: 1778265671212
[debug] [2026-05-08T18:00:58.563Z] >>> [apiv2][query] GET https://firebase.googleapis.com/v1beta1/projects/all---in/adminSdkConfig [none]
[debug] [2026-05-08T18:00:59.016Z] <<< [apiv2][status] GET https://firebase.googleapis.com/v1beta1/projects/all---in/adminSdkConfig 200
[debug] [2026-05-08T18:00:59.016Z] <<< [apiv2][body] GET https://firebase.googleapis.com/v1beta1/projects/all---in/adminSdkConfig {"projectId":"all---in","storageBucket":"all---in.firebasestorage.app"}
[debug] [2026-05-08T18:00:59.020Z] Validating nodejs source
[debug] [2026-05-08T18:00:59.552Z] > [functions] package.json contents: {
  "name": "functions",
  "description": "Cloud Functions for Firebase",
  "scripts": {
    "serve": "firebase emulators:start --only functions",
    "shell": "firebase functions:shell",
    "start": "npm run shell",
    "deploy": "firebase deploy --only functions",
    "logs": "firebase functions:log"
  },
  "engines": {
    "node": "24"
  },
  "main": "index.js",
  "dependencies": {
    "firebase-admin": "^13.6.0",
    "firebase-functions": "^7.0.0"
  },
  "devDependencies": {
    "firebase-functions-test": "^3.4.1"
  },
  "private": true
}
[debug] [2026-05-08T18:00:59.552Z] Building nodejs source
[info] i  functions: Loading and analyzing source code for codebase default to determine what to deploy 
[debug] [2026-05-08T18:00:59.553Z] Could not find functions.yaml. Must use http discovery
[debug] [2026-05-08T18:00:59.557Z] Found firebase-functions binary at '/Users/junui/Documents/GitHub/front/functions/node_modules/.bin/firebase-functions'
[info] Serving at port 8066

[debug] [2026-05-08T18:01:00.006Z] Got response from /__/functions.yaml {"endpoints":{"analyzeUrl":{"availableMemoryMb":null,"timeoutSeconds":null,"minInstances":null,"maxInstances":null,"ingressSettings":null,"concurrency":null,"serviceAccountEmail":null,"vpc":null,"platform":"gcfv2","labels":{},"callableTrigger":{},"entryPoint":"analyzeUrl"}},"specVersion":"v1alpha1","requiredAPIs":[],"extensions":{}}
[info] i  extensions: ensuring required API firebaseextensions.googleapis.com is enabled... 
[debug] [2026-05-08T18:01:04.028Z] Checked if tokens are valid: true, expires at: 1778265671212
[debug] [2026-05-08T18:01:04.029Z] Checked if tokens are valid: true, expires at: 1778265671212
[debug] [2026-05-08T18:01:04.029Z] >>> [apiv2][query] GET https://serviceusage.googleapis.com/v1/projects/all---in/services/firebaseextensions.googleapis.com [none]
[debug] [2026-05-08T18:01:04.029Z] >>> [apiv2][(partial)header] GET https://serviceusage.googleapis.com/v1/projects/all---in/services/firebaseextensions.googleapis.com  x-goog-user-project=all---in
[debug] [2026-05-08T18:01:05.236Z] <<< [apiv2][status] GET https://serviceusage.googleapis.com/v1/projects/all---in/services/firebaseextensions.googleapis.com 200
[debug] [2026-05-08T18:01:05.236Z] <<< [apiv2][body] GET https://serviceusage.googleapis.com/v1/projects/all---in/services/firebaseextensions.googleapis.com [omitted]
[info] ✔  extensions: required API firebaseextensions.googleapis.com is enabled 
[debug] [2026-05-08T18:01:05.243Z] > command requires scopes: ["email","openid","https://www.googleapis.com/auth/cloudplatformprojects.readonly","https://www.googleapis.com/auth/firebase","https://www.googleapis.com/auth/cloud-platform"]
[debug] [2026-05-08T18:01:05.243Z] > authorizing via signed-in user (jju07232@gmail.com)
[debug] [2026-05-08T18:01:05.243Z] [iam] checking project all---in for permissions ["firebase.projects.get","firebaseextensions.instances.list"]
[debug] [2026-05-08T18:01:05.243Z] Checked if tokens are valid: true, expires at: 1778265671212
[debug] [2026-05-08T18:01:05.244Z] Checked if tokens are valid: true, expires at: 1778265671212
[debug] [2026-05-08T18:01:05.244Z] >>> [apiv2][query] POST https://cloudresourcemanager.googleapis.com/v1/projects/all---in:testIamPermissions [none]
[debug] [2026-05-08T18:01:05.244Z] >>> [apiv2][(partial)header] POST https://cloudresourcemanager.googleapis.com/v1/projects/all---in:testIamPermissions  x-goog-user-project=all---in
[debug] [2026-05-08T18:01:05.244Z] >>> [apiv2][body] POST https://cloudresourcemanager.googleapis.com/v1/projects/all---in:testIamPermissions {"permissions":["firebase.projects.get","firebaseextensions.instances.list"]}
[debug] [2026-05-08T18:01:05.492Z] <<< [apiv2][status] POST https://cloudresourcemanager.googleapis.com/v1/projects/all---in:testIamPermissions 200
[debug] [2026-05-08T18:01:05.493Z] <<< [apiv2][body] POST https://cloudresourcemanager.googleapis.com/v1/projects/all---in:testIamPermissions {"permissions":["firebase.projects.get","firebaseextensions.instances.list"]}
[debug] [2026-05-08T18:01:05.494Z] Checked if tokens are valid: true, expires at: 1778265671212
[debug] [2026-05-08T18:01:05.494Z] Checked if tokens are valid: true, expires at: 1778265671212
[debug] [2026-05-08T18:01:05.494Z] >>> [apiv2][query] GET https://firebaseextensions.googleapis.com/v1beta/projects/all---in/instances pageSize=100&pageToken=
[debug] [2026-05-08T18:01:06.549Z] <<< [apiv2][status] GET https://firebaseextensions.googleapis.com/v1beta/projects/all---in/instances 200
[debug] [2026-05-08T18:01:06.549Z] <<< [apiv2][body] GET https://firebaseextensions.googleapis.com/v1beta/projects/all---in/instances {}
[info] i  functions: preparing functions directory for uploading... 
[info] i  functions: packaged /Users/junui/Documents/GitHub/front/functions (70.58 KB) for uploading 
[debug] [2026-05-08T18:01:06.569Z] Checked if tokens are valid: true, expires at: 1778265671212
[debug] [2026-05-08T18:01:06.569Z] Checked if tokens are valid: true, expires at: 1778265671212
[debug] [2026-05-08T18:01:06.569Z] >>> [apiv2][query] GET https://cloudfunctions.googleapis.com/v1/projects/all---in/locations/-/functions [none]
[debug] [2026-05-08T18:01:07.405Z] <<< [apiv2][status] GET https://cloudfunctions.googleapis.com/v1/projects/all---in/locations/-/functions 200
[debug] [2026-05-08T18:01:07.405Z] <<< [apiv2][body] GET https://cloudfunctions.googleapis.com/v1/projects/all---in/locations/-/functions {}
[debug] [2026-05-08T18:01:07.405Z] Checked if tokens are valid: true, expires at: 1778265671212
[debug] [2026-05-08T18:01:07.405Z] Checked if tokens are valid: true, expires at: 1778265671212
[debug] [2026-05-08T18:01:07.405Z] >>> [apiv2][query] GET https://cloudfunctions.googleapis.com/v2/projects/all---in/locations/-/functions filter=environment%3D%22GEN_2%22
[debug] [2026-05-08T18:01:08.762Z] <<< [apiv2][status] GET https://cloudfunctions.googleapis.com/v2/projects/all---in/locations/-/functions 200
[debug] [2026-05-08T18:01:08.762Z] <<< [apiv2][body] GET https://cloudfunctions.googleapis.com/v2/projects/all---in/locations/-/functions {"functions":[{"name":"projects/all---in/locations/us-central1/functions/callOCR","buildConfig":{"build":"projects/436624512869/locations/us-central1/builds/2cb22ae9-6063-4e08-b40f-ff4c9ca16d33","runtime":"nodejs24","entryPoint":"callOCR","source":{"storageSource":{"bucket":"gcf-v2-sources-436624512869-us-central1","object":"callOCR/function-source.zip","generation":"1776421625021241"}},"environmentVariables":{"GOOGLE_NODE_RUN_SCRIPTS":""},"dockerRepository":"projects/all---in/locations/us-central1/repositories/gcf-artifacts","sourceProvenance":{"resolvedStorageSource":{"bucket":"gcf-v2-sources-436624512869-us-central1","object":"callOCR/function-source.zip","generation":"1776421625021241"}},"dockerRegistry":"ARTIFACT_REGISTRY","serviceAccount":"projects/all---in/serviceAccounts/436624512869-compute@developer.gserviceaccount.com","automaticUpdatePolicy":{}},"serviceConfig":{"service":"projects/all---in/locations/us-central1/services/callocr","timeoutSeconds":60,"environmentVariables":{"FIREBASE_CONFIG":"{\"projectId\":\"all---in\",\"storageBucket\":\"all---in.firebasestorage.app\"}","GCLOUD_PROJECT":"all---in","EVENTARC_CLOUD_EVENT_SOURCE":"projects/all---in/locations/us-central1/services/callOCR","FUNCTION_TARGET":"callOCR","LOG_EXECUTION_ID":"true"},"ingressSettings":"ALLOW_ALL","uri":"https://callocr-d6bnq76nha-uc.a.run.app","serviceAccountEmail":"436624512869-compute@developer.gserviceaccount.com","availableMemory":"256Mi","allTrafficOnLatestRevision":true,"revision":"callocr-00001-bop","maxInstanceRequestConcurrency":80,"availableCpu":"1"},"state":"ACTIVE","updateTime":"2026-04-17T10:29:23.468083736Z","labels":{"deployment-tool":"cli-firebase","firebase-functions-hash":"1655233764bf7c1e46530ad18c916223a491171c"},"environment":"GEN_2","url":"https://us-central1-all---in.cloudfunctions.net/callOCR","createTime":"2026-04-17T10:27:05.516321972Z","satisfiesPzi":true}]}
[info] i  functions: ensuring required API run.googleapis.com is enabled... 
[debug] [2026-05-08T18:01:08.767Z] Checked if tokens are valid: true, expires at: 1778265671212
[debug] [2026-05-08T18:01:08.767Z] Checked if tokens are valid: true, expires at: 1778265671212
[info] i  functions: ensuring required API eventarc.googleapis.com is enabled... 
[debug] [2026-05-08T18:01:08.768Z] Checked if tokens are valid: true, expires at: 1778265671212
[debug] [2026-05-08T18:01:08.768Z] Checked if tokens are valid: true, expires at: 1778265671212
[info] i  functions: ensuring required API pubsub.googleapis.com is enabled... 
[debug] [2026-05-08T18:01:08.768Z] Checked if tokens are valid: true, expires at: 1778265671212
[debug] [2026-05-08T18:01:08.768Z] Checked if tokens are valid: true, expires at: 1778265671212
[info] i  functions: ensuring required API storage.googleapis.com is enabled... 
[debug] [2026-05-08T18:01:08.769Z] Checked if tokens are valid: true, expires at: 1778265671212
[debug] [2026-05-08T18:01:08.769Z] Checked if tokens are valid: true, expires at: 1778265671212
[debug] [2026-05-08T18:01:08.769Z] >>> [apiv2][query] GET https://serviceusage.googleapis.com/v1/projects/436624512869/services/run.googleapis.com [none]
[debug] [2026-05-08T18:01:08.769Z] >>> [apiv2][(partial)header] GET https://serviceusage.googleapis.com/v1/projects/436624512869/services/run.googleapis.com  x-goog-user-project=436624512869
[debug] [2026-05-08T18:01:08.770Z] >>> [apiv2][query] GET https://serviceusage.googleapis.com/v1/projects/436624512869/services/eventarc.googleapis.com [none]
[debug] [2026-05-08T18:01:08.770Z] >>> [apiv2][(partial)header] GET https://serviceusage.googleapis.com/v1/projects/436624512869/services/eventarc.googleapis.com  x-goog-user-project=436624512869
[debug] [2026-05-08T18:01:08.771Z] >>> [apiv2][query] GET https://serviceusage.googleapis.com/v1/projects/436624512869/services/pubsub.googleapis.com [none]
[debug] [2026-05-08T18:01:08.771Z] >>> [apiv2][(partial)header] GET https://serviceusage.googleapis.com/v1/projects/436624512869/services/pubsub.googleapis.com  x-goog-user-project=436624512869
[debug] [2026-05-08T18:01:08.772Z] >>> [apiv2][query] GET https://serviceusage.googleapis.com/v1/projects/436624512869/services/storage.googleapis.com [none]
[debug] [2026-05-08T18:01:08.772Z] >>> [apiv2][(partial)header] GET https://serviceusage.googleapis.com/v1/projects/436624512869/services/storage.googleapis.com  x-goog-user-project=436624512869
[debug] [2026-05-08T18:01:09.061Z] <<< [apiv2][status] GET https://serviceusage.googleapis.com/v1/projects/436624512869/services/run.googleapis.com 200
[debug] [2026-05-08T18:01:09.061Z] <<< [apiv2][body] GET https://serviceusage.googleapis.com/v1/projects/436624512869/services/run.googleapis.com [omitted]
[info] ✔  functions: required API run.googleapis.com is enabled 
[debug] [2026-05-08T18:01:10.004Z] <<< [apiv2][status] GET https://serviceusage.googleapis.com/v1/projects/436624512869/services/eventarc.googleapis.com 200
[debug] [2026-05-08T18:01:10.004Z] <<< [apiv2][body] GET https://serviceusage.googleapis.com/v1/projects/436624512869/services/eventarc.googleapis.com [omitted]
[info] ✔  functions: required API eventarc.googleapis.com is enabled 
[debug] [2026-05-08T18:01:10.030Z] <<< [apiv2][status] GET https://serviceusage.googleapis.com/v1/projects/436624512869/services/pubsub.googleapis.com 200
[debug] [2026-05-08T18:01:10.031Z] <<< [apiv2][body] GET https://serviceusage.googleapis.com/v1/projects/436624512869/services/pubsub.googleapis.com [omitted]
[info] ✔  functions: required API pubsub.googleapis.com is enabled 
[debug] [2026-05-08T18:01:10.041Z] <<< [apiv2][status] GET https://serviceusage.googleapis.com/v1/projects/436624512869/services/storage.googleapis.com 200
[debug] [2026-05-08T18:01:10.041Z] <<< [apiv2][body] GET https://serviceusage.googleapis.com/v1/projects/436624512869/services/storage.googleapis.com [omitted]
[info] ✔  functions: required API storage.googleapis.com is enabled 
[info] i  functions: generating the service identity for pubsub.googleapis.com... 
[debug] [2026-05-08T18:01:10.049Z] Checked if tokens are valid: true, expires at: 1778265671212
[debug] [2026-05-08T18:01:10.049Z] Checked if tokens are valid: true, expires at: 1778265671212
[info] i  functions: generating the service identity for eventarc.googleapis.com... 
[debug] [2026-05-08T18:01:10.049Z] Checked if tokens are valid: true, expires at: 1778265671212
[debug] [2026-05-08T18:01:10.049Z] Checked if tokens are valid: true, expires at: 1778265671212
[debug] [2026-05-08T18:01:10.049Z] >>> [apiv2][query] POST https://serviceusage.googleapis.com/v1beta1/projects/436624512869/services/pubsub.googleapis.com:generateServiceIdentity [none]
[debug] [2026-05-08T18:01:10.049Z] >>> [apiv2][(partial)header] POST https://serviceusage.googleapis.com/v1beta1/projects/436624512869/services/pubsub.googleapis.com:generateServiceIdentity  x-goog-user-project=436624512869
[debug] [2026-05-08T18:01:10.049Z] >>> [apiv2][body] POST https://serviceusage.googleapis.com/v1beta1/projects/436624512869/services/pubsub.googleapis.com:generateServiceIdentity {}
[debug] [2026-05-08T18:01:10.050Z] >>> [apiv2][query] POST https://serviceusage.googleapis.com/v1beta1/projects/436624512869/services/eventarc.googleapis.com:generateServiceIdentity [none]
[debug] [2026-05-08T18:01:10.050Z] >>> [apiv2][(partial)header] POST https://serviceusage.googleapis.com/v1beta1/projects/436624512869/services/eventarc.googleapis.com:generateServiceIdentity  x-goog-user-project=436624512869
[debug] [2026-05-08T18:01:10.050Z] >>> [apiv2][body] POST https://serviceusage.googleapis.com/v1beta1/projects/436624512869/services/eventarc.googleapis.com:generateServiceIdentity {}
[debug] [2026-05-08T18:01:10.478Z] <<< [apiv2][status] POST https://serviceusage.googleapis.com/v1beta1/projects/436624512869/services/eventarc.googleapis.com:generateServiceIdentity 200
[debug] [2026-05-08T18:01:10.478Z] <<< [apiv2][body] POST https://serviceusage.googleapis.com/v1beta1/projects/436624512869/services/eventarc.googleapis.com:generateServiceIdentity {"name":"operations/finished.DONE_OPERATION","done":true,"response":{"@type":"type.googleapis.com/google.api.serviceusage.v1beta1.ServiceIdentity","email":"service-436624512869@gcp-sa-eventarc.iam.gserviceaccount.com","uniqueId":"113544267128693646559"}}
[debug] [2026-05-08T18:01:10.479Z] <<< [apiv2][status] POST https://serviceusage.googleapis.com/v1beta1/projects/436624512869/services/pubsub.googleapis.com:generateServiceIdentity 200
[debug] [2026-05-08T18:01:10.479Z] <<< [apiv2][body] POST https://serviceusage.googleapis.com/v1beta1/projects/436624512869/services/pubsub.googleapis.com:generateServiceIdentity {"name":"operations/finished.DONE_OPERATION","done":true,"response":{"@type":"type.googleapis.com/google.api.serviceusage.v1beta1.ServiceIdentity","email":"service-436624512869@gcp-sa-pubsub.iam.gserviceaccount.com","uniqueId":"111549958579680185525"}}
[debug] [2026-05-08T18:01:10.482Z] Checked if tokens are valid: true, expires at: 1778265671212
[debug] [2026-05-08T18:01:10.482Z] Checked if tokens are valid: true, expires at: 1778265671212
[debug] [2026-05-08T18:01:10.482Z] >>> [apiv2][query] GET https://cloudresourcemanager.googleapis.com/v1/projects/all---in [none]
[debug] [2026-05-08T18:01:11.166Z] <<< [apiv2][status] GET https://cloudresourcemanager.googleapis.com/v1/projects/all---in 200
[debug] [2026-05-08T18:01:11.166Z] <<< [apiv2][body] GET https://cloudresourcemanager.googleapis.com/v1/projects/all---in {"projectNumber":"436624512869","projectId":"all---in","lifecycleState":"ACTIVE","name":"All - in","labels":{"firebase":"enabled","firebase-core":"disabled"},"createTime":"2026-03-31T14:27:41.436Z"}
[debug] [2026-05-08T18:01:11.167Z] Checked if tokens are valid: true, expires at: 1778265671212
[debug] [2026-05-08T18:01:11.167Z] Checked if tokens are valid: true, expires at: 1778265671212
[debug] [2026-05-08T18:01:11.167Z] >>> [apiv2][query] GET https://compute.googleapis.com/compute/v1/projects/436624512869 [none]
[debug] [2026-05-08T18:01:11.531Z] <<< [apiv2][status] GET https://compute.googleapis.com/compute/v1/projects/436624512869 403
[debug] [2026-05-08T18:01:11.531Z] <<< [apiv2][body] GET https://compute.googleapis.com/compute/v1/projects/436624512869 {"error":{"code":403,"message":"Compute Engine API has not been used in project 436624512869 before or it is disabled. Enable it by visiting https://console.developers.google.com/apis/api/compute.googleapis.com/overview?project=436624512869 then retry. If you enabled this API recently, wait a few minutes for the action to propagate to our systems and retry.","errors":[{"message":"Compute Engine API has not been used in project 436624512869 before or it is disabled. Enable it by visiting https://console.developers.google.com/apis/api/compute.googleapis.com/overview?project=436624512869 then retry. If you enabled this API recently, wait a few minutes for the action to propagate to our systems and retry.","domain":"usageLimits","reason":"accessNotConfigured","extendedHelp":"https://console.developers.google.com"}],"status":"PERMISSION_DENIED","details":[{"@type":"type.googleapis.com/google.rpc.ErrorInfo","reason":"SERVICE_DISABLED","domain":"googleapis.com","metadata":{"service":"compute.googleapis.com","activationUrl":"https://console.developers.google.com/apis/api/compute.googleapis.com/overview?project=436624512869","consumer":"projects/436624512869","serviceTitle":"Compute Engine API","containerInfo":"436624512869"}},{"@type":"type.googleapis.com/google.rpc.LocalizedMessage","locale":"en-US","message":"Compute Engine API has not been used in project 436624512869 before or it is disabled. Enable it by visiting https://console.developers.google.com/apis/api/compute.googleapis.com/overview?project=436624512869 then retry. If you enabled this API recently, wait a few minutes for the action to propagate to our systems and retry."},{"@type":"type.googleapis.com/google.rpc.Help","links":[{"description":"Google developers console API activation","url":"https://console.developers.google.com/apis/api/compute.googleapis.com/overview?project=436624512869"}]}]}}
[debug] [2026-05-08T18:01:11.531Z] unable to look up default compute service account. Falling back to 436624512869-compute@developer.gserviceaccount.com. Error: {"name":"FirebaseError","children":[],"context":{"body":{"error":{"code":403,"message":"Compute Engine API has not been used in project 436624512869 before or it is disabled. Enable it by visiting https://console.developers.google.com/apis/api/compute.googleapis.com/overview?project=436624512869 then retry. If you enabled this API recently, wait a few minutes for the action to propagate to our systems and retry.","errors":[{"message":"Compute Engine API has not been used in project 436624512869 before or it is disabled. Enable it by visiting https://console.developers.google.com/apis/api/compute.googleapis.com/overview?project=436624512869 then retry. If you enabled this API recently, wait a few minutes for the action to propagate to our systems and retry.","domain":"usageLimits","reason":"accessNotConfigured","extendedHelp":"https://console.developers.google.com"}],"status":"PERMISSION_DENIED","details":[{"@type":"type.googleapis.com/google.rpc.ErrorInfo","reason":"SERVICE_DISABLED","domain":"googleapis.com","metadata":{"service":"compute.googleapis.com","activationUrl":"https://console.developers.google.com/apis/api/compute.googleapis.com/overview?project=436624512869","consumer":"projects/436624512869","serviceTitle":"Compute Engine API","containerInfo":"436624512869"}},{"@type":"type.googleapis.com/google.rpc.LocalizedMessage","locale":"en-US","message":"Compute Engine API has not been used in project 436624512869 before or it is disabled. Enable it by visiting https://console.developers.google.com/apis/api/compute.googleapis.com/overview?project=436624512869 then retry. If you enabled this API recently, wait a few minutes for the action to propagate to our systems and retry."},{"@type":"type.googleapis.com/google.rpc.Help","links":[{"description":"Google developers console API activation","url":"https://console.developers.google.com/apis/api/compute.googleapis.com/overview?project=436624512869"}]}]}},"response":{"statusCode":403}},"exit":1,"message":"Request to https://compute.googleapis.com/compute/v1/projects/436624512869 had HTTP Error: 403, Compute Engine API has not been used in project 436624512869 before or it is disabled. Enable it by visiting https://console.developers.google.com/apis/api/compute.googleapis.com/overview?project=436624512869 then retry. If you enabled this API recently, wait a few minutes for the action to propagate to our systems and retry.","status":403}
[debug] [2026-05-08T18:01:11.533Z] Checked if tokens are valid: true, expires at: 1778265671212
[debug] [2026-05-08T18:01:11.533Z] Checked if tokens are valid: true, expires at: 1778265671212
[debug] [2026-05-08T18:01:11.533Z] >>> [apiv2][query] GET https://cloudbilling.googleapis.com/v1/projects/all---in/billingInfo [none]
[debug] [2026-05-08T18:01:12.729Z] <<< [apiv2][status] GET https://cloudbilling.googleapis.com/v1/projects/all---in/billingInfo 200
[debug] [2026-05-08T18:01:12.729Z] <<< [apiv2][body] GET https://cloudbilling.googleapis.com/v1/projects/all---in/billingInfo {"name":"projects/all---in/billingInfo","projectId":"all---in","billingAccountName":"billingAccounts/01A946-D6A8C1-83DA0E","billingEnabled":true}
[debug] [2026-05-08T18:01:12.732Z] Checked if tokens are valid: true, expires at: 1778265671212
[debug] [2026-05-08T18:01:12.732Z] Checked if tokens are valid: true, expires at: 1778265671212
[debug] [2026-05-08T18:01:12.732Z] >>> [apiv2][query] POST https://cloudfunctions.googleapis.com/v2/projects/all---in/locations/us-central1/functions:generateUploadUrl [none]
[debug] [2026-05-08T18:01:13.974Z] <<< [apiv2][status] POST https://cloudfunctions.googleapis.com/v2/projects/all---in/locations/us-central1/functions:generateUploadUrl 200
[debug] [2026-05-08T18:01:13.974Z] <<< [apiv2][body] POST https://cloudfunctions.googleapis.com/v2/projects/all---in/locations/us-central1/functions:generateUploadUrl {"uploadUrl":"https://storage.googleapis.com/gcf-v2-uploads-436624512869.us-central1.cloudfunctions.appspot.com/cc08ed92-8655-4b24-959d-2bdd2a342c33.zip?GoogleAccessId=service-436624512869@gcf-admin-robot.iam.gserviceaccount.com&Expires=1778265073&Signature=UBnL4MWOsMSD%2BeFgh4hYIOW%2BhsTb3y8ALqdajUwu3yOi9yPaeY9wovT2aZWdPHiUxsPXR%2Bd5NYZ7E4UI9SSbV4f3rGfKmovckq%2B6HdwYLZV612TehHuBIJUMHSfNHZGfCf1LxHIg6DTgnRq2EcckqfUngy06IcgTCrZvcCvRIYCX5ZNGrxuj5P7icFQxZpcosxT0W4WC4QpK1uvcACGrVsshFZViVGPt6fDX%2BHRoEaaWBwjJh1OOwFeELmP5bGM8R9kJeS7UKFhifW0pszYo1%2BNlAxdyVzDZ41P%2Bf%2BEfAChe0ftaJsjOvQk3eeTEaqWvlumhxYbOEKlgP1TbkPaiLg%3D%3D","storageSource":{"bucket":"gcf-v2-uploads-436624512869.us-central1.cloudfunctions.appspot.com","object":"cc08ed92-8655-4b24-959d-2bdd2a342c33.zip"}}
[debug] [2026-05-08T18:01:13.975Z] >>> [apiv2][query] PUT https://storage.googleapis.com/gcf-v2-uploads-436624512869.us-central1.cloudfunctions.appspot.com/cc08ed92-8655-4b24-959d-2bdd2a342c33.zip GoogleAccessId=service-436624512869%40gcf-admin-robot.iam.gserviceaccount.com&Expires=1778265073&Signature=UBnL4MWOsMSD%2BeFgh4hYIOW%2BhsTb3y8ALqdajUwu3yOi9yPaeY9wovT2aZWdPHiUxsPXR%2Bd5NYZ7E4UI9SSbV4f3rGfKmovckq%2B6HdwYLZV612TehHuBIJUMHSfNHZGfCf1LxHIg6DTgnRq2EcckqfUngy06IcgTCrZvcCvRIYCX5ZNGrxuj5P7icFQxZpcosxT0W4WC4QpK1uvcACGrVsshFZViVGPt6fDX%2BHRoEaaWBwjJh1OOwFeELmP5bGM8R9kJeS7UKFhifW0pszYo1%2BNlAxdyVzDZ41P%2Bf%2BEfAChe0ftaJsjOvQk3eeTEaqWvlumhxYbOEKlgP1TbkPaiLg%3D%3D
[debug] [2026-05-08T18:01:13.975Z] >>> [apiv2][body] PUT https://storage.googleapis.com/gcf-v2-uploads-436624512869.us-central1.cloudfunctions.appspot.com/cc08ed92-8655-4b24-959d-2bdd2a342c33.zip [stream]
[debug] [2026-05-08T18:01:14.837Z] <<< [apiv2][status] PUT https://storage.googleapis.com/gcf-v2-uploads-436624512869.us-central1.cloudfunctions.appspot.com/cc08ed92-8655-4b24-959d-2bdd2a342c33.zip 200
[debug] [2026-05-08T18:01:14.837Z] <<< [apiv2][body] PUT https://storage.googleapis.com/gcf-v2-uploads-436624512869.us-central1.cloudfunctions.appspot.com/cc08ed92-8655-4b24-959d-2bdd2a342c33.zip [omitted]
[info] ✔  functions: functions source uploaded successfully 
[info] 
The following functions are found in your project but do not exist in your local source code:
	callOCR(us-central1)

If you are renaming a function or changing its region, it is recommended that you create the new function first before deleting the old one to prevent event loss. For more info, visit https://firebase.google.com/docs/functions/manage-functions#modify

[info] i  functions: creating Node.js 24 (2nd Gen) function analyzeUrl(us-central1)... 
[debug] [2026-05-08T18:02:30.325Z] Checked if tokens are valid: true, expires at: 1778265671212
[debug] [2026-05-08T18:02:30.325Z] Checked if tokens are valid: true, expires at: 1778265671212
[debug] [2026-05-08T18:02:30.325Z] >>> [apiv2][query] POST https://cloudfunctions.googleapis.com/v2/projects/all---in/locations/us-central1/functions functionId=analyzeUrl
[debug] [2026-05-08T18:02:30.325Z] >>> [apiv2][body] POST https://cloudfunctions.googleapis.com/v2/projects/all---in/locations/us-central1/functions {"name":"projects/all---in/locations/us-central1/functions/analyzeUrl","buildConfig":{"runtime":"nodejs24","entryPoint":"analyzeUrl","source":{"storageSource":{"bucket":"gcf-v2-uploads-436624512869.us-central1.cloudfunctions.appspot.com","object":"cc08ed92-8655-4b24-959d-2bdd2a342c33.zip"}},"environmentVariables":{"GOOGLE_NODE_RUN_SCRIPTS":""}},"serviceConfig":{"environmentVariables":{"FIREBASE_CONFIG":"{\"projectId\":\"all---in\",\"storageBucket\":\"all---in.firebasestorage.app\"}","GCLOUD_PROJECT":"all---in","EVENTARC_CLOUD_EVENT_SOURCE":"projects/all---in/locations/REGION_TBD/services/analyzeUrl","FUNCTION_TARGET":"analyzeUrl","LOG_EXECUTION_ID":"true"},"ingressSettings":null,"timeoutSeconds":null,"serviceAccountEmail":null,"availableMemory":"256Mi","minInstanceCount":null,"maxInstanceCount":null,"maxInstanceRequestConcurrency":80,"availableCpu":"1","vpcConnector":null,"vpcConnectorEgressSettings":null,"directVpcNetworkInterface":null,"directVpcEgress":null},"labels":{"deployment-tool":"cli-firebase","deployment-callable":"true","firebase-functions-hash":"18904be6380a47d4446e0d68a2bcae45f207f076"}}
[debug] [2026-05-08T18:02:32.267Z] <<< [apiv2][status] POST https://cloudfunctions.googleapis.com/v2/projects/all---in/locations/us-central1/functions 200
[debug] [2026-05-08T18:02:32.268Z] <<< [apiv2][body] POST https://cloudfunctions.googleapis.com/v2/projects/all---in/locations/us-central1/functions {"name":"projects/all---in/locations/us-central1/operations/operation-1778263351393-6515233607cc4-fb4b4745-81418533","metadata":{"@type":"type.googleapis.com/google.cloud.functions.v2.OperationMetadata","createTime":"2026-05-08T18:02:32.109320082Z","target":"projects/all---in/locations/us-central1/functions/analyzeUrl","verb":"create","cancelRequested":false,"apiVersion":"v2"},"done":false}
[debug] [2026-05-08T18:02:32.269Z] Checked if tokens are valid: true, expires at: 1778265671212
[debug] [2026-05-08T18:02:32.269Z] Checked if tokens are valid: true, expires at: 1778265671212
[debug] [2026-05-08T18:02:32.270Z] >>> [apiv2][query] GET https://cloudfunctions.googleapis.com/v2/projects/all---in/locations/us-central1/operations/operation-1778263351393-6515233607cc4-fb4b4745-81418533 [none]
[debug] [2026-05-08T18:02:33.333Z] <<< [apiv2][status] GET https://cloudfunctions.googleapis.com/v2/projects/all---in/locations/us-central1/operations/operation-1778263351393-6515233607cc4-fb4b4745-81418533 200
[debug] [2026-05-08T18:02:33.333Z] <<< [apiv2][body] GET https://cloudfunctions.googleapis.com/v2/projects/all---in/locations/us-central1/operations/operation-1778263351393-6515233607cc4-fb4b4745-81418533 {"name":"projects/all---in/locations/us-central1/operations/operation-1778263351393-6515233607cc4-fb4b4745-81418533","metadata":{"@type":"type.googleapis.com/google.cloud.functions.v2.OperationMetadata","createTime":"2026-05-08T18:02:32.109320082Z","target":"projects/all---in/locations/us-central1/functions/analyzeUrl","verb":"create","cancelRequested":false,"apiVersion":"v2","requestResource":{"@type":"type.googleapis.com/google.cloud.functions.v2.Function","name":"projects/all---in/locations/us-central1/functions/analyzeUrl","buildConfig":{"runtime":"nodejs24","entryPoint":"analyzeUrl","source":{"storageSource":{"bucket":"gcf-v2-sources-436624512869-us-central1","object":"analyzeUrl/function-source.zip","generation":"1778263351684675"}},"environmentVariables":{"GOOGLE_NODE_RUN_SCRIPTS":""},"serviceAccount":"projects/all---in/serviceAccounts/436624512869-compute@developer.gserviceaccount.com","automaticUpdatePolicy":{}},"serviceConfig":{"service":"projects/all---in/locations/us-central1/services/analyzeurl","timeoutSeconds":60,"environmentVariables":{"FIREBASE_CONFIG":"{\"projectId\":\"all---in\",\"storageBucket\":\"all---in.firebasestorage.app\"}","GCLOUD_PROJECT":"all---in","EVENTARC_CLOUD_EVENT_SOURCE":"projects/all---in/locations/REGION_TBD/services/analyzeUrl","FUNCTION_TARGET":"analyzeUrl","LOG_EXECUTION_ID":"true"},"ingressSettings":"ALLOW_ALL","serviceAccountEmail":"436624512869-compute@developer.gserviceaccount.com","availableMemory":"256Mi","maxInstanceRequestConcurrency":80,"availableCpu":"1"},"labels":{"deployment-tool":"cli-firebase","deployment-callable":"true","firebase-functions-hash":"18904be6380a47d4446e0d68a2bcae45f207f076"},"environment":"GEN_2"},"stages":[{"name":"BUILD","message":"Build in progress","state":"IN_PROGRESS","resource":"projects/436624512869/locations/us-central1/builds/83566d59-2e40-49b8-8993-6454f92e510b","resourceUri":"https://console.cloud.google.com/cloud-build/builds;region=us-central1/83566d59-2e40-49b8-8993-6454f92e510b?project=436624512869"},{"name":"SERVICE","state":"NOT_STARTED"}],"operationType":"CREATE_FUNCTION","buildName":"projects/436624512869/locations/us-central1/builds/83566d59-2e40-49b8-8993-6454f92e510b"},"done":false}
[debug] [2026-05-08T18:02:33.834Z] [create-default-us-central1-analyzeUrl] Retrying task index 0
[debug] [2026-05-08T18:02:33.835Z] Checked if tokens are valid: true, expires at: 1778265671212
[debug] [2026-05-08T18:02:33.835Z] Checked if tokens are valid: true, expires at: 1778265671212
[debug] [2026-05-08T18:02:33.835Z] >>> [apiv2][query] GET https://cloudfunctions.googleapis.com/v2/projects/all---in/locations/us-central1/operations/operation-1778263351393-6515233607cc4-fb4b4745-81418533 [none]
[debug] [2026-05-08T18:02:34.895Z] <<< [apiv2][status] GET https://cloudfunctions.googleapis.com/v2/projects/all---in/locations/us-central1/operations/operation-1778263351393-6515233607cc4-fb4b4745-81418533 200
[debug] [2026-05-08T18:02:34.895Z] <<< [apiv2][body] GET https://cloudfunctions.googleapis.com/v2/projects/all---in/locations/us-central1/operations/operation-1778263351393-6515233607cc4-fb4b4745-81418533 {"name":"projects/all---in/locations/us-central1/operations/operation-1778263351393-6515233607cc4-fb4b4745-81418533","metadata":{"@type":"type.googleapis.com/google.cloud.functions.v2.OperationMetadata","createTime":"2026-05-08T18:02:32.109320082Z","target":"projects/all---in/locations/us-central1/functions/analyzeUrl","verb":"create","cancelRequested":false,"apiVersion":"v2","requestResource":{"@type":"type.googleapis.com/google.cloud.functions.v2.Function","name":"projects/all---in/locations/us-central1/functions/analyzeUrl","buildConfig":{"runtime":"nodejs24","entryPoint":"analyzeUrl","source":{"storageSource":{"bucket":"gcf-v2-sources-436624512869-us-central1","object":"analyzeUrl/function-source.zip","generation":"1778263351684675"}},"environmentVariables":{"GOOGLE_NODE_RUN_SCRIPTS":""},"serviceAccount":"projects/all---in/serviceAccounts/436624512869-compute@developer.gserviceaccount.com","automaticUpdatePolicy":{}},"serviceConfig":{"service":"projects/all---in/locations/us-central1/services/analyzeurl","timeoutSeconds":60,"environmentVariables":{"FIREBASE_CONFIG":"{\"projectId\":\"all---in\",\"storageBucket\":\"all---in.firebasestorage.app\"}","GCLOUD_PROJECT":"all---in","EVENTARC_CLOUD_EVENT_SOURCE":"projects/all---in/locations/REGION_TBD/services/analyzeUrl","FUNCTION_TARGET":"analyzeUrl","LOG_EXECUTION_ID":"true"},"ingressSettings":"ALLOW_ALL","serviceAccountEmail":"436624512869-compute@developer.gserviceaccount.com","availableMemory":"256Mi","maxInstanceRequestConcurrency":80,"availableCpu":"1"},"labels":{"deployment-tool":"cli-firebase","deployment-callable":"true","firebase-functions-hash":"18904be6380a47d4446e0d68a2bcae45f207f076"},"environment":"GEN_2"},"stages":[{"name":"BUILD","message":"Build in progress","state":"IN_PROGRESS","resource":"projects/436624512869/locations/us-central1/builds/83566d59-2e40-49b8-8993-6454f92e510b","resourceUri":"https://console.cloud.google.com/cloud-build/builds;region=us-central1/83566d59-2e40-49b8-8993-6454f92e510b?project=436624512869"},{"name":"SERVICE","state":"NOT_STARTED"}],"operationType":"CREATE_FUNCTION","buildName":"projects/436624512869/locations/us-central1/builds/83566d59-2e40-49b8-8993-6454f92e510b"},"done":false}
[debug] [2026-05-08T18:02:35.896Z] [create-default-us-central1-analyzeUrl] Retrying task index 0
[debug] [2026-05-08T18:02:35.897Z] Checked if tokens are valid: true, expires at: 1778265671212
[debug] [2026-05-08T18:02:35.897Z] Checked if tokens are valid: true, expires at: 1778265671212
[debug] [2026-05-08T18:02:35.898Z] >>> [apiv2][query] GET https://cloudfunctions.googleapis.com/v2/projects/all---in/locations/us-central1/operations/operation-1778263351393-6515233607cc4-fb4b4745-81418533 [none]
[debug] [2026-05-08T18:02:37.055Z] <<< [apiv2][status] GET https://cloudfunctions.googleapis.com/v2/projects/all---in/locations/us-central1/operations/operation-1778263351393-6515233607cc4-fb4b4745-81418533 200
[debug] [2026-05-08T18:02:37.055Z] <<< [apiv2][body] GET https://cloudfunctions.googleapis.com/v2/projects/all---in/locations/us-central1/operations/operation-1778263351393-6515233607cc4-fb4b4745-81418533 {"name":"projects/all---in/locations/us-central1/operations/operation-1778263351393-6515233607cc4-fb4b4745-81418533","metadata":{"@type":"type.googleapis.com/google.cloud.functions.v2.OperationMetadata","createTime":"2026-05-08T18:02:32.109320082Z","target":"projects/all---in/locations/us-central1/functions/analyzeUrl","verb":"create","cancelRequested":false,"apiVersion":"v2","requestResource":{"@type":"type.googleapis.com/google.cloud.functions.v2.Function","name":"projects/all---in/locations/us-central1/functions/analyzeUrl","buildConfig":{"runtime":"nodejs24","entryPoint":"analyzeUrl","source":{"storageSource":{"bucket":"gcf-v2-sources-436624512869-us-central1","object":"analyzeUrl/function-source.zip","generation":"1778263351684675"}},"environmentVariables":{"GOOGLE_NODE_RUN_SCRIPTS":""},"serviceAccount":"projects/all---in/serviceAccounts/436624512869-compute@developer.gserviceaccount.com","automaticUpdatePolicy":{}},"serviceConfig":{"service":"projects/all---in/locations/us-central1/services/analyzeurl","timeoutSeconds":60,"environmentVariables":{"FIREBASE_CONFIG":"{\"projectId\":\"all---in\",\"storageBucket\":\"all---in.firebasestorage.app\"}","GCLOUD_PROJECT":"all---in","EVENTARC_CLOUD_EVENT_SOURCE":"projects/all---in/locations/REGION_TBD/services/analyzeUrl","FUNCTION_TARGET":"analyzeUrl","LOG_EXECUTION_ID":"true"},"ingressSettings":"ALLOW_ALL","serviceAccountEmail":"436624512869-compute@developer.gserviceaccount.com","availableMemory":"256Mi","maxInstanceRequestConcurrency":80,"availableCpu":"1"},"labels":{"deployment-tool":"cli-firebase","deployment-callable":"true","firebase-functions-hash":"18904be6380a47d4446e0d68a2bcae45f207f076"},"environment":"GEN_2"},"stages":[{"name":"BUILD","message":"Build in progress","state":"IN_PROGRESS","resource":"projects/436624512869/locations/us-central1/builds/83566d59-2e40-49b8-8993-6454f92e510b","resourceUri":"https://console.cloud.google.com/cloud-build/builds;region=us-central1/83566d59-2e40-49b8-8993-6454f92e510b?project=436624512869"},{"name":"SERVICE","state":"NOT_STARTED"}],"operationType":"CREATE_FUNCTION","buildName":"projects/436624512869/locations/us-central1/builds/83566d59-2e40-49b8-8993-6454f92e510b"},"done":false}
[debug] [2026-05-08T18:02:39.056Z] [create-default-us-central1-analyzeUrl] Retrying task index 0
[debug] [2026-05-08T18:02:39.056Z] Checked if tokens are valid: true, expires at: 1778265671212
[debug] [2026-05-08T18:02:39.056Z] Checked if tokens are valid: true, expires at: 1778265671212
[debug] [2026-05-08T18:02:39.056Z] >>> [apiv2][query] GET https://cloudfunctions.googleapis.com/v2/projects/all---in/locations/us-central1/operations/operation-1778263351393-6515233607cc4-fb4b4745-81418533 [none]
[debug] [2026-05-08T18:02:40.194Z] <<< [apiv2][status] GET https://cloudfunctions.googleapis.com/v2/projects/all---in/locations/us-central1/operations/operation-1778263351393-6515233607cc4-fb4b4745-81418533 200
[debug] [2026-05-08T18:02:40.194Z] <<< [apiv2][body] GET https://cloudfunctions.googleapis.com/v2/projects/all---in/locations/us-central1/operations/operation-1778263351393-6515233607cc4-fb4b4745-81418533 {"name":"projects/all---in/locations/us-central1/operations/operation-1778263351393-6515233607cc4-fb4b4745-81418533","metadata":{"@type":"type.googleapis.com/google.cloud.functions.v2.OperationMetadata","createTime":"2026-05-08T18:02:32.109320082Z","target":"projects/all---in/locations/us-central1/functions/analyzeUrl","verb":"create","cancelRequested":false,"apiVersion":"v2","requestResource":{"@type":"type.googleapis.com/google.cloud.functions.v2.Function","name":"projects/all---in/locations/us-central1/functions/analyzeUrl","buildConfig":{"runtime":"nodejs24","entryPoint":"analyzeUrl","source":{"storageSource":{"bucket":"gcf-v2-sources-436624512869-us-central1","object":"analyzeUrl/function-source.zip","generation":"1778263351684675"}},"environmentVariables":{"GOOGLE_NODE_RUN_SCRIPTS":""},"serviceAccount":"projects/all---in/serviceAccounts/436624512869-compute@developer.gserviceaccount.com","automaticUpdatePolicy":{}},"serviceConfig":{"service":"projects/all---in/locations/us-central1/services/analyzeurl","timeoutSeconds":60,"environmentVariables":{"FIREBASE_CONFIG":"{\"projectId\":\"all---in\",\"storageBucket\":\"all---in.firebasestorage.app\"}","GCLOUD_PROJECT":"all---in","EVENTARC_CLOUD_EVENT_SOURCE":"projects/all---in/locations/REGION_TBD/services/analyzeUrl","FUNCTION_TARGET":"analyzeUrl","LOG_EXECUTION_ID":"true"},"ingressSettings":"ALLOW_ALL","serviceAccountEmail":"436624512869-compute@developer.gserviceaccount.com","availableMemory":"256Mi","maxInstanceRequestConcurrency":80,"availableCpu":"1"},"labels":{"deployment-tool":"cli-firebase","deployment-callable":"true","firebase-functions-hash":"18904be6380a47d4446e0d68a2bcae45f207f076"},"environment":"GEN_2"},"stages":[{"name":"BUILD","message":"Build in progress","state":"IN_PROGRESS","resource":"projects/436624512869/locations/us-central1/builds/83566d59-2e40-49b8-8993-6454f92e510b","resourceUri":"https://console.cloud.google.com/cloud-build/builds;region=us-central1/83566d59-2e40-49b8-8993-6454f92e510b?project=436624512869"},{"name":"SERVICE","state":"NOT_STARTED"}],"operationType":"CREATE_FUNCTION","buildName":"projects/436624512869/locations/us-central1/builds/83566d59-2e40-49b8-8993-6454f92e510b"},"done":false}
[debug] [2026-05-08T18:02:44.196Z] [create-default-us-central1-analyzeUrl] Retrying task index 0
[debug] [2026-05-08T18:02:44.197Z] Checked if tokens are valid: true, expires at: 1778265671212
[debug] [2026-05-08T18:02:44.197Z] Checked if tokens are valid: true, expires at: 1778265671212
[debug] [2026-05-08T18:02:44.197Z] >>> [apiv2][query] GET https://cloudfunctions.googleapis.com/v2/projects/all---in/locations/us-central1/operations/operation-1778263351393-6515233607cc4-fb4b4745-81418533 [none]
[debug] [2026-05-08T18:02:45.378Z] <<< [apiv2][status] GET https://cloudfunctions.googleapis.com/v2/projects/all---in/locations/us-central1/operations/operation-1778263351393-6515233607cc4-fb4b4745-81418533 200
[debug] [2026-05-08T18:02:45.378Z] <<< [apiv2][body] GET https://cloudfunctions.googleapis.com/v2/projects/all---in/locations/us-central1/operations/operation-1778263351393-6515233607cc4-fb4b4745-81418533 {"name":"projects/all---in/locations/us-central1/operations/operation-1778263351393-6515233607cc4-fb4b4745-81418533","metadata":{"@type":"type.googleapis.com/google.cloud.functions.v2.OperationMetadata","createTime":"2026-05-08T18:02:32.109320082Z","target":"projects/all---in/locations/us-central1/functions/analyzeUrl","verb":"create","cancelRequested":false,"apiVersion":"v2","requestResource":{"@type":"type.googleapis.com/google.cloud.functions.v2.Function","name":"projects/all---in/locations/us-central1/functions/analyzeUrl","buildConfig":{"runtime":"nodejs24","entryPoint":"analyzeUrl","source":{"storageSource":{"bucket":"gcf-v2-sources-436624512869-us-central1","object":"analyzeUrl/function-source.zip","generation":"1778263351684675"}},"environmentVariables":{"GOOGLE_NODE_RUN_SCRIPTS":""},"serviceAccount":"projects/all---in/serviceAccounts/436624512869-compute@developer.gserviceaccount.com","automaticUpdatePolicy":{}},"serviceConfig":{"service":"projects/all---in/locations/us-central1/services/analyzeurl","timeoutSeconds":60,"environmentVariables":{"FIREBASE_CONFIG":"{\"projectId\":\"all---in\",\"storageBucket\":\"all---in.firebasestorage.app\"}","GCLOUD_PROJECT":"all---in","EVENTARC_CLOUD_EVENT_SOURCE":"projects/all---in/locations/REGION_TBD/services/analyzeUrl","FUNCTION_TARGET":"analyzeUrl","LOG_EXECUTION_ID":"true"},"ingressSettings":"ALLOW_ALL","serviceAccountEmail":"436624512869-compute@developer.gserviceaccount.com","availableMemory":"256Mi","maxInstanceRequestConcurrency":80,"availableCpu":"1"},"labels":{"deployment-tool":"cli-firebase","deployment-callable":"true","firebase-functions-hash":"18904be6380a47d4446e0d68a2bcae45f207f076"},"environment":"GEN_2"},"stages":[{"name":"BUILD","message":"Build in progress","state":"IN_PROGRESS","resource":"projects/436624512869/locations/us-central1/builds/83566d59-2e40-49b8-8993-6454f92e510b","resourceUri":"https://console.cloud.google.com/cloud-build/builds;region=us-central1/83566d59-2e40-49b8-8993-6454f92e510b?project=436624512869"},{"name":"SERVICE","state":"NOT_STARTED"}],"operationType":"CREATE_FUNCTION","buildName":"projects/436624512869/locations/us-central1/builds/83566d59-2e40-49b8-8993-6454f92e510b"},"done":false}
[debug] [2026-05-08T18:02:53.378Z] [create-default-us-central1-analyzeUrl] Retrying task index 0
[debug] [2026-05-08T18:02:53.379Z] Checked if tokens are valid: true, expires at: 1778265671212
[debug] [2026-05-08T18:02:53.379Z] Checked if tokens are valid: true, expires at: 1778265671212
[debug] [2026-05-08T18:02:53.379Z] >>> [apiv2][query] GET https://cloudfunctions.googleapis.com/v2/projects/all---in/locations/us-central1/operations/operation-1778263351393-6515233607cc4-fb4b4745-81418533 [none]
[debug] [2026-05-08T18:02:54.564Z] <<< [apiv2][status] GET https://cloudfunctions.googleapis.com/v2/projects/all---in/locations/us-central1/operations/operation-1778263351393-6515233607cc4-fb4b4745-81418533 200
[debug] [2026-05-08T18:02:54.565Z] <<< [apiv2][body] GET https://cloudfunctions.googleapis.com/v2/projects/all---in/locations/us-central1/operations/operation-1778263351393-6515233607cc4-fb4b4745-81418533 {"name":"projects/all---in/locations/us-central1/operations/operation-1778263351393-6515233607cc4-fb4b4745-81418533","metadata":{"@type":"type.googleapis.com/google.cloud.functions.v2.OperationMetadata","createTime":"2026-05-08T18:02:32.109320082Z","target":"projects/all---in/locations/us-central1/functions/analyzeUrl","verb":"create","cancelRequested":false,"apiVersion":"v2","requestResource":{"@type":"type.googleapis.com/google.cloud.functions.v2.Function","name":"projects/all---in/locations/us-central1/functions/analyzeUrl","buildConfig":{"runtime":"nodejs24","entryPoint":"analyzeUrl","source":{"storageSource":{"bucket":"gcf-v2-sources-436624512869-us-central1","object":"analyzeUrl/function-source.zip","generation":"1778263351684675"}},"environmentVariables":{"GOOGLE_NODE_RUN_SCRIPTS":""},"serviceAccount":"projects/all---in/serviceAccounts/436624512869-compute@developer.gserviceaccount.com","automaticUpdatePolicy":{}},"serviceConfig":{"service":"projects/all---in/locations/us-central1/services/analyzeurl","timeoutSeconds":60,"environmentVariables":{"FIREBASE_CONFIG":"{\"projectId\":\"all---in\",\"storageBucket\":\"all---in.firebasestorage.app\"}","GCLOUD_PROJECT":"all---in","EVENTARC_CLOUD_EVENT_SOURCE":"projects/all---in/locations/REGION_TBD/services/analyzeUrl","FUNCTION_TARGET":"analyzeUrl","LOG_EXECUTION_ID":"true"},"ingressSettings":"ALLOW_ALL","serviceAccountEmail":"436624512869-compute@developer.gserviceaccount.com","availableMemory":"256Mi","maxInstanceRequestConcurrency":80,"availableCpu":"1"},"labels":{"deployment-tool":"cli-firebase","deployment-callable":"true","firebase-functions-hash":"18904be6380a47d4446e0d68a2bcae45f207f076"},"environment":"GEN_2"},"stages":[{"name":"BUILD","message":"Build in progress","state":"IN_PROGRESS","resource":"projects/436624512869/locations/us-central1/builds/83566d59-2e40-49b8-8993-6454f92e510b","resourceUri":"https://console.cloud.google.com/cloud-build/builds;region=us-central1/83566d59-2e40-49b8-8993-6454f92e510b?project=436624512869"},{"name":"SERVICE","state":"NOT_STARTED"}],"operationType":"CREATE_FUNCTION","buildName":"projects/436624512869/locations/us-central1/builds/83566d59-2e40-49b8-8993-6454f92e510b"},"done":false}
[debug] [2026-05-08T18:03:04.566Z] [create-default-us-central1-analyzeUrl] Retrying task index 0
[debug] [2026-05-08T18:03:04.566Z] Checked if tokens are valid: true, expires at: 1778265671212
[debug] [2026-05-08T18:03:04.567Z] Checked if tokens are valid: true, expires at: 1778265671212
[debug] [2026-05-08T18:03:04.567Z] >>> [apiv2][query] GET https://cloudfunctions.googleapis.com/v2/projects/all---in/locations/us-central1/operations/operation-1778263351393-6515233607cc4-fb4b4745-81418533 [none]
[debug] [2026-05-08T18:03:05.821Z] <<< [apiv2][status] GET https://cloudfunctions.googleapis.com/v2/projects/all---in/locations/us-central1/operations/operation-1778263351393-6515233607cc4-fb4b4745-81418533 200
[debug] [2026-05-08T18:03:05.821Z] <<< [apiv2][body] GET https://cloudfunctions.googleapis.com/v2/projects/all---in/locations/us-central1/operations/operation-1778263351393-6515233607cc4-fb4b4745-81418533 {"name":"projects/all---in/locations/us-central1/operations/operation-1778263351393-6515233607cc4-fb4b4745-81418533","metadata":{"@type":"type.googleapis.com/google.cloud.functions.v2.OperationMetadata","createTime":"2026-05-08T18:02:32.109320082Z","target":"projects/all---in/locations/us-central1/functions/analyzeUrl","verb":"create","cancelRequested":false,"apiVersion":"v2","requestResource":{"@type":"type.googleapis.com/google.cloud.functions.v2.Function","name":"projects/all---in/locations/us-central1/functions/analyzeUrl","buildConfig":{"runtime":"nodejs24","entryPoint":"analyzeUrl","source":{"storageSource":{"bucket":"gcf-v2-sources-436624512869-us-central1","object":"analyzeUrl/function-source.zip","generation":"1778263351684675"}},"environmentVariables":{"GOOGLE_NODE_RUN_SCRIPTS":""},"serviceAccount":"projects/all---in/serviceAccounts/436624512869-compute@developer.gserviceaccount.com","automaticUpdatePolicy":{}},"serviceConfig":{"service":"projects/all---in/locations/us-central1/services/analyzeurl","timeoutSeconds":60,"environmentVariables":{"FIREBASE_CONFIG":"{\"projectId\":\"all---in\",\"storageBucket\":\"all---in.firebasestorage.app\"}","GCLOUD_PROJECT":"all---in","EVENTARC_CLOUD_EVENT_SOURCE":"projects/all---in/locations/REGION_TBD/services/analyzeUrl","FUNCTION_TARGET":"analyzeUrl","LOG_EXECUTION_ID":"true"},"ingressSettings":"ALLOW_ALL","serviceAccountEmail":"436624512869-compute@developer.gserviceaccount.com","availableMemory":"256Mi","maxInstanceRequestConcurrency":80,"availableCpu":"1"},"labels":{"deployment-tool":"cli-firebase","deployment-callable":"true","firebase-functions-hash":"18904be6380a47d4446e0d68a2bcae45f207f076"},"environment":"GEN_2"},"stages":[{"name":"BUILD","message":"Build in progress","state":"IN_PROGRESS","resource":"projects/436624512869/locations/us-central1/builds/83566d59-2e40-49b8-8993-6454f92e510b","resourceUri":"https://console.cloud.google.com/cloud-build/builds;region=us-central1/83566d59-2e40-49b8-8993-6454f92e510b?project=436624512869"},{"name":"SERVICE","state":"NOT_STARTED"}],"operationType":"CREATE_FUNCTION","buildName":"projects/436624512869/locations/us-central1/builds/83566d59-2e40-49b8-8993-6454f92e510b"},"done":false}
[debug] [2026-05-08T18:03:15.823Z] [create-default-us-central1-analyzeUrl] Retrying task index 0
[debug] [2026-05-08T18:03:15.823Z] Checked if tokens are valid: true, expires at: 1778265671212
[debug] [2026-05-08T18:03:15.823Z] Checked if tokens are valid: true, expires at: 1778265671212
[debug] [2026-05-08T18:03:15.824Z] >>> [apiv2][query] GET https://cloudfunctions.googleapis.com/v2/projects/all---in/locations/us-central1/operations/operation-1778263351393-6515233607cc4-fb4b4745-81418533 [none]
[debug] [2026-05-08T18:03:16.997Z] <<< [apiv2][status] GET https://cloudfunctions.googleapis.com/v2/projects/all---in/locations/us-central1/operations/operation-1778263351393-6515233607cc4-fb4b4745-81418533 200
[debug] [2026-05-08T18:03:16.998Z] <<< [apiv2][body] GET https://cloudfunctions.googleapis.com/v2/projects/all---in/locations/us-central1/operations/operation-1778263351393-6515233607cc4-fb4b4745-81418533 {"name":"projects/all---in/locations/us-central1/operations/operation-1778263351393-6515233607cc4-fb4b4745-81418533","metadata":{"@type":"type.googleapis.com/google.cloud.functions.v2.OperationMetadata","createTime":"2026-05-08T18:02:32.109320082Z","target":"projects/all---in/locations/us-central1/functions/analyzeUrl","verb":"create","cancelRequested":false,"apiVersion":"v2","requestResource":{"@type":"type.googleapis.com/google.cloud.functions.v2.Function","name":"projects/all---in/locations/us-central1/functions/analyzeUrl","buildConfig":{"runtime":"nodejs24","entryPoint":"analyzeUrl","source":{"storageSource":{"bucket":"gcf-v2-sources-436624512869-us-central1","object":"analyzeUrl/function-source.zip","generation":"1778263351684675"}},"environmentVariables":{"GOOGLE_NODE_RUN_SCRIPTS":""},"serviceAccount":"projects/all---in/serviceAccounts/436624512869-compute@developer.gserviceaccount.com","automaticUpdatePolicy":{}},"serviceConfig":{"service":"projects/all---in/locations/us-central1/services/analyzeurl","timeoutSeconds":60,"environmentVariables":{"FIREBASE_CONFIG":"{\"projectId\":\"all---in\",\"storageBucket\":\"all---in.firebasestorage.app\"}","GCLOUD_PROJECT":"all---in","EVENTARC_CLOUD_EVENT_SOURCE":"projects/all---in/locations/REGION_TBD/services/analyzeUrl","FUNCTION_TARGET":"analyzeUrl","LOG_EXECUTION_ID":"true"},"ingressSettings":"ALLOW_ALL","serviceAccountEmail":"436624512869-compute@developer.gserviceaccount.com","availableMemory":"256Mi","maxInstanceRequestConcurrency":80,"availableCpu":"1"},"labels":{"deployment-tool":"cli-firebase","deployment-callable":"true","firebase-functions-hash":"18904be6380a47d4446e0d68a2bcae45f207f076"},"environment":"GEN_2"},"stages":[{"name":"BUILD","message":"Build in progress","state":"IN_PROGRESS","resource":"projects/436624512869/locations/us-central1/builds/83566d59-2e40-49b8-8993-6454f92e510b","resourceUri":"https://console.cloud.google.com/cloud-build/builds;region=us-central1/83566d59-2e40-49b8-8993-6454f92e510b?project=436624512869"},{"name":"SERVICE","state":"NOT_STARTED"}],"operationType":"CREATE_FUNCTION","buildName":"projects/436624512869/locations/us-central1/builds/83566d59-2e40-49b8-8993-6454f92e510b"},"done":false}
[debug] [2026-05-08T18:03:26.999Z] [create-default-us-central1-analyzeUrl] Retrying task index 0
[debug] [2026-05-08T18:03:26.999Z] Checked if tokens are valid: true, expires at: 1778265671212
[debug] [2026-05-08T18:03:26.999Z] Checked if tokens are valid: true, expires at: 1778265671212
[debug] [2026-05-08T18:03:26.999Z] >>> [apiv2][query] GET https://cloudfunctions.googleapis.com/v2/projects/all---in/locations/us-central1/operations/operation-1778263351393-6515233607cc4-fb4b4745-81418533 [none]
[debug] [2026-05-08T18:03:28.191Z] <<< [apiv2][status] GET https://cloudfunctions.googleapis.com/v2/projects/all---in/locations/us-central1/operations/operation-1778263351393-6515233607cc4-fb4b4745-81418533 200
[debug] [2026-05-08T18:03:28.192Z] <<< [apiv2][body] GET https://cloudfunctions.googleapis.com/v2/projects/all---in/locations/us-central1/operations/operation-1778263351393-6515233607cc4-fb4b4745-81418533 {"name":"projects/all---in/locations/us-central1/operations/operation-1778263351393-6515233607cc4-fb4b4745-81418533","metadata":{"@type":"type.googleapis.com/google.cloud.functions.v2.OperationMetadata","createTime":"2026-05-08T18:02:32.109320082Z","target":"projects/all---in/locations/us-central1/functions/analyzeUrl","verb":"create","cancelRequested":false,"apiVersion":"v2","requestResource":{"@type":"type.googleapis.com/google.cloud.functions.v2.Function","name":"projects/all---in/locations/us-central1/functions/analyzeUrl","buildConfig":{"runtime":"nodejs24","entryPoint":"analyzeUrl","source":{"storageSource":{"bucket":"gcf-v2-sources-436624512869-us-central1","object":"analyzeUrl/function-source.zip","generation":"1778263351684675"}},"environmentVariables":{"GOOGLE_NODE_RUN_SCRIPTS":""},"serviceAccount":"projects/all---in/serviceAccounts/436624512869-compute@developer.gserviceaccount.com","automaticUpdatePolicy":{}},"serviceConfig":{"service":"projects/all---in/locations/us-central1/services/analyzeurl","timeoutSeconds":60,"environmentVariables":{"FIREBASE_CONFIG":"{\"projectId\":\"all---in\",\"storageBucket\":\"all---in.firebasestorage.app\"}","GCLOUD_PROJECT":"all---in","EVENTARC_CLOUD_EVENT_SOURCE":"projects/all---in/locations/REGION_TBD/services/analyzeUrl","FUNCTION_TARGET":"analyzeUrl","LOG_EXECUTION_ID":"true"},"ingressSettings":"ALLOW_ALL","serviceAccountEmail":"436624512869-compute@developer.gserviceaccount.com","availableMemory":"256Mi","maxInstanceRequestConcurrency":80,"availableCpu":"1"},"labels":{"deployment-tool":"cli-firebase","deployment-callable":"true","firebase-functions-hash":"18904be6380a47d4446e0d68a2bcae45f207f076"},"environment":"GEN_2"},"stages":[{"name":"BUILD","message":"Build in progress","state":"IN_PROGRESS","resource":"projects/436624512869/locations/us-central1/builds/83566d59-2e40-49b8-8993-6454f92e510b","resourceUri":"https://console.cloud.google.com/cloud-build/builds;region=us-central1/83566d59-2e40-49b8-8993-6454f92e510b?project=436624512869"},{"name":"SERVICE","state":"NOT_STARTED"}],"operationType":"CREATE_FUNCTION","buildName":"projects/436624512869/locations/us-central1/builds/83566d59-2e40-49b8-8993-6454f92e510b"},"done":false}
[debug] [2026-05-08T18:03:38.193Z] [create-default-us-central1-analyzeUrl] Retrying task index 0
[debug] [2026-05-08T18:03:38.194Z] Checked if tokens are valid: true, expires at: 1778265671212
[debug] [2026-05-08T18:03:38.194Z] Checked if tokens are valid: true, expires at: 1778265671212
[debug] [2026-05-08T18:03:38.194Z] >>> [apiv2][query] GET https://cloudfunctions.googleapis.com/v2/projects/all---in/locations/us-central1/operations/operation-1778263351393-6515233607cc4-fb4b4745-81418533 [none]
[debug] [2026-05-08T18:03:39.438Z] <<< [apiv2][status] GET https://cloudfunctions.googleapis.com/v2/projects/all---in/locations/us-central1/operations/operation-1778263351393-6515233607cc4-fb4b4745-81418533 200
[debug] [2026-05-08T18:03:39.438Z] <<< [apiv2][body] GET https://cloudfunctions.googleapis.com/v2/projects/all---in/locations/us-central1/operations/operation-1778263351393-6515233607cc4-fb4b4745-81418533 {"name":"projects/all---in/locations/us-central1/operations/operation-1778263351393-6515233607cc4-fb4b4745-81418533","metadata":{"@type":"type.googleapis.com/google.cloud.functions.v2.OperationMetadata","createTime":"2026-05-08T18:02:32.109320082Z","target":"projects/all---in/locations/us-central1/functions/analyzeUrl","verb":"create","cancelRequested":false,"apiVersion":"v2","requestResource":{"@type":"type.googleapis.com/google.cloud.functions.v2.Function","name":"projects/all---in/locations/us-central1/functions/analyzeUrl","buildConfig":{"runtime":"nodejs24","entryPoint":"analyzeUrl","source":{"storageSource":{"bucket":"gcf-v2-sources-436624512869-us-central1","object":"analyzeUrl/function-source.zip","generation":"1778263351684675"}},"environmentVariables":{"GOOGLE_NODE_RUN_SCRIPTS":""},"serviceAccount":"projects/all---in/serviceAccounts/436624512869-compute@developer.gserviceaccount.com","automaticUpdatePolicy":{}},"serviceConfig":{"service":"projects/all---in/locations/us-central1/services/analyzeurl","timeoutSeconds":60,"environmentVariables":{"FIREBASE_CONFIG":"{\"projectId\":\"all---in\",\"storageBucket\":\"all---in.firebasestorage.app\"}","GCLOUD_PROJECT":"all---in","EVENTARC_CLOUD_EVENT_SOURCE":"projects/all---in/locations/REGION_TBD/services/analyzeUrl","FUNCTION_TARGET":"analyzeUrl","LOG_EXECUTION_ID":"true"},"ingressSettings":"ALLOW_ALL","serviceAccountEmail":"436624512869-compute@developer.gserviceaccount.com","availableMemory":"256Mi","maxInstanceRequestConcurrency":80,"availableCpu":"1"},"labels":{"deployment-tool":"cli-firebase","deployment-callable":"true","firebase-functions-hash":"18904be6380a47d4446e0d68a2bcae45f207f076"},"environment":"GEN_2"},"stages":[{"name":"BUILD","message":"Build finished","state":"COMPLETE","resource":"projects/436624512869/locations/us-central1/builds/83566d59-2e40-49b8-8993-6454f92e510b","resourceUri":"https://console.cloud.google.com/cloud-build/builds;region=us-central1/83566d59-2e40-49b8-8993-6454f92e510b?project=436624512869"},{"name":"SERVICE","message":"Creating Cloud Run service","state":"IN_PROGRESS","resource":"projects/all---in/locations/us-central1/services/analyzeurl","resourceUri":"https://console.cloud.google.com/run/detail/us-central1/analyzeurl?project=all---in"}],"sourceToken":"Cldwcm9qZWN0cy80MzY2MjQ1MTI4NjkvbG9jYXRpb25zL3VzLWNlbnRyYWwxL2J1aWxkcy84MzU2NmQ1OS0yZTQwLTQ5YjgtODk5My02NDU0ZjkyZTUxMGISYnVzLWNlbnRyYWwxLWRvY2tlci5wa2cuZGV2L2FsbC0tLWluL2djZi1hcnRpZmFjdHMvYWxsLS0tLS0taW5fX3VzLS1jZW50cmFsMV9fYW5hbHl6ZV91cmw6dmVyc2lvbl8xGOWu5cbaDCI8cHJvamVjdHMvYWxsLS0taW4vbG9jYXRpb25zL3VzLWNlbnRyYWwxL2Z1bmN0aW9ucy9hbmFseXplVXJsKgsI+sr4zwYQwI7lNzIIbm9kZWpzMjQ6dgojZ2NyLmlvL2dhZS1ydW50aW1lcy9ub2RlanMyNDpzdGFibGUST3VzLWNlbnRyYWwxLWRvY2tlci5wa2cuZGV2L3NlcnZlcmxlc3MtcnVudGltZXMvZ29vZ2xlLTI0LWZ1bGwvcnVudGltZXMvbm9kZWpzMjRAAQ==","operationType":"CREATE_FUNCTION","buildName":"projects/436624512869/locations/us-central1/builds/83566d59-2e40-49b8-8993-6454f92e510b"},"done":false}
[debug] [2026-05-08T18:03:39.438Z] Got source token Cldwcm9qZWN0cy80MzY2MjQ1MTI4NjkvbG9jYXRpb25zL3VzLWNlbnRyYWwxL2J1aWxkcy84MzU2NmQ1OS0yZTQwLTQ5YjgtODk5My02NDU0ZjkyZTUxMGISYnVzLWNlbnRyYWwxLWRvY2tlci5wa2cuZGV2L2FsbC0tLWluL2djZi1hcnRpZmFjdHMvYWxsLS0tLS0taW5fX3VzLS1jZW50cmFsMV9fYW5hbHl6ZV91cmw6dmVyc2lvbl8xGOWu5cbaDCI8cHJvamVjdHMvYWxsLS0taW4vbG9jYXRpb25zL3VzLWNlbnRyYWwxL2Z1bmN0aW9ucy9hbmFseXplVXJsKgsI+sr4zwYQwI7lNzIIbm9kZWpzMjQ6dgojZ2NyLmlvL2dhZS1ydW50aW1lcy9ub2RlanMyNDpzdGFibGUST3VzLWNlbnRyYWwxLWRvY2tlci5wa2cuZGV2L3NlcnZlcmxlc3MtcnVudGltZXMvZ29vZ2xlLTI0LWZ1bGwvcnVudGltZXMvbm9kZWpzMjRAAQ== for region us-central1
[debug] [2026-05-08T18:03:49.443Z] [create-default-us-central1-analyzeUrl] Retrying task index 0
[debug] [2026-05-08T18:03:49.444Z] Checked if tokens are valid: true, expires at: 1778265671212
[debug] [2026-05-08T18:03:49.444Z] Checked if tokens are valid: true, expires at: 1778265671212
[debug] [2026-05-08T18:03:49.444Z] >>> [apiv2][query] GET https://cloudfunctions.googleapis.com/v2/projects/all---in/locations/us-central1/operations/operation-1778263351393-6515233607cc4-fb4b4745-81418533 [none]
[debug] [2026-05-08T18:03:50.561Z] <<< [apiv2][status] GET https://cloudfunctions.googleapis.com/v2/projects/all---in/locations/us-central1/operations/operation-1778263351393-6515233607cc4-fb4b4745-81418533 200
[debug] [2026-05-08T18:03:50.561Z] <<< [apiv2][body] GET https://cloudfunctions.googleapis.com/v2/projects/all---in/locations/us-central1/operations/operation-1778263351393-6515233607cc4-fb4b4745-81418533 {"name":"projects/all---in/locations/us-central1/operations/operation-1778263351393-6515233607cc4-fb4b4745-81418533","metadata":{"@type":"type.googleapis.com/google.cloud.functions.v2.OperationMetadata","createTime":"2026-05-08T18:02:32.109320082Z","endTime":"2026-05-08T18:03:47.358081950Z","target":"projects/all---in/locations/us-central1/functions/analyzeUrl","verb":"create","cancelRequested":false,"apiVersion":"v2","requestResource":{"@type":"type.googleapis.com/google.cloud.functions.v2.Function","name":"projects/all---in/locations/us-central1/functions/analyzeUrl","buildConfig":{"runtime":"nodejs24","entryPoint":"analyzeUrl","source":{"storageSource":{"bucket":"gcf-v2-sources-436624512869-us-central1","object":"analyzeUrl/function-source.zip","generation":"1778263351684675"}},"environmentVariables":{"GOOGLE_NODE_RUN_SCRIPTS":""},"serviceAccount":"projects/all---in/serviceAccounts/436624512869-compute@developer.gserviceaccount.com","automaticUpdatePolicy":{}},"serviceConfig":{"service":"projects/all---in/locations/us-central1/services/analyzeurl","timeoutSeconds":60,"environmentVariables":{"FIREBASE_CONFIG":"{\"projectId\":\"all---in\",\"storageBucket\":\"all---in.firebasestorage.app\"}","GCLOUD_PROJECT":"all---in","EVENTARC_CLOUD_EVENT_SOURCE":"projects/all---in/locations/REGION_TBD/services/analyzeUrl","FUNCTION_TARGET":"analyzeUrl","LOG_EXECUTION_ID":"true"},"ingressSettings":"ALLOW_ALL","serviceAccountEmail":"436624512869-compute@developer.gserviceaccount.com","availableMemory":"256Mi","maxInstanceRequestConcurrency":80,"availableCpu":"1"},"labels":{"deployment-tool":"cli-firebase","deployment-callable":"true","firebase-functions-hash":"18904be6380a47d4446e0d68a2bcae45f207f076"},"environment":"GEN_2"},"stages":[{"name":"BUILD","message":"Build finished","state":"COMPLETE","resource":"projects/436624512869/locations/us-central1/builds/83566d59-2e40-49b8-8993-6454f92e510b","resourceUri":"https://console.cloud.google.com/cloud-build/builds;region=us-central1/83566d59-2e40-49b8-8993-6454f92e510b?project=436624512869"},{"name":"SERVICE","message":"Creating Cloud Run service","state":"COMPLETE","resource":"projects/all---in/locations/us-central1/services/analyzeurl","resourceUri":"https://console.cloud.google.com/run/detail/us-central1/analyzeurl?project=all---in"}],"sourceToken":"Cldwcm9qZWN0cy80MzY2MjQ1MTI4NjkvbG9jYXRpb25zL3VzLWNlbnRyYWwxL2J1aWxkcy84MzU2NmQ1OS0yZTQwLTQ5YjgtODk5My02NDU0ZjkyZTUxMGISYnVzLWNlbnRyYWwxLWRvY2tlci5wa2cuZGV2L2FsbC0tLWluL2djZi1hcnRpZmFjdHMvYWxsLS0tLS0taW5fX3VzLS1jZW50cmFsMV9fYW5hbHl6ZV91cmw6dmVyc2lvbl8xGOWu5cbaDCI8cHJvamVjdHMvYWxsLS0taW4vbG9jYXRpb25zL3VzLWNlbnRyYWwxL2Z1bmN0aW9ucy9hbmFseXplVXJsKgsI+sr4zwYQwI7lNzIIbm9kZWpzMjQ6dgojZ2NyLmlvL2dhZS1ydW50aW1lcy9ub2RlanMyNDpzdGFibGUST3VzLWNlbnRyYWwxLWRvY2tlci5wa2cuZGV2L3NlcnZlcmxlc3MtcnVudGltZXMvZ29vZ2xlLTI0LWZ1bGwvcnVudGltZXMvbm9kZWpzMjRAAQ==","operationType":"CREATE_FUNCTION","buildName":"projects/436624512869/locations/us-central1/builds/83566d59-2e40-49b8-8993-6454f92e510b"},"done":true,"response":{"@type":"type.googleapis.com/google.cloud.functions.v2.Function","name":"projects/all---in/locations/us-central1/functions/analyzeUrl","buildConfig":{"build":"projects/436624512869/locations/us-central1/builds/83566d59-2e40-49b8-8993-6454f92e510b","runtime":"nodejs24","entryPoint":"analyzeUrl","source":{"storageSource":{"bucket":"gcf-v2-sources-436624512869-us-central1","object":"analyzeUrl/function-source.zip","generation":"1778263351684675"}},"environmentVariables":{"GOOGLE_NODE_RUN_SCRIPTS":""},"dockerRepository":"projects/all---in/locations/us-central1/repositories/gcf-artifacts","sourceProvenance":{"resolvedStorageSource":{"bucket":"gcf-v2-sources-436624512869-us-central1","object":"analyzeUrl/function-source.zip","generation":"1778263351684675"}},"dockerRegistry":"ARTIFACT_REGISTRY","serviceAccount":"projects/all---in/serviceAccounts/436624512869-compute@developer.gserviceaccount.com","automaticUpdatePolicy":{}},"serviceConfig":{"service":"projects/all---in/locations/us-central1/services/analyzeurl","timeoutSeconds":60,"environmentVariables":{"FIREBASE_CONFIG":"{\"projectId\":\"all---in\",\"storageBucket\":\"all---in.firebasestorage.app\"}","GCLOUD_PROJECT":"all---in","EVENTARC_CLOUD_EVENT_SOURCE":"projects/all---in/locations/REGION_TBD/services/analyzeUrl","FUNCTION_TARGET":"analyzeUrl","LOG_EXECUTION_ID":"true"},"ingressSettings":"ALLOW_ALL","uri":"https://analyzeurl-d6bnq76nha-uc.a.run.app","serviceAccountEmail":"436624512869-compute@developer.gserviceaccount.com","availableMemory":"256Mi","allTrafficOnLatestRevision":true,"revision":"analyzeurl-00001-far","maxInstanceRequestConcurrency":80,"availableCpu":"1"},"state":"ACTIVE","updateTime":"2026-05-08T18:02:32.103461533Z","labels":{"deployment-tool":"cli-firebase","deployment-callable":"true","firebase-functions-hash":"18904be6380a47d4446e0d68a2bcae45f207f076"},"environment":"GEN_2","url":"https://us-central1-all---in.cloudfunctions.net/analyzeUrl","createTime":"2026-05-08T18:02:32.103461533Z","satisfiesPzi":true}}
[debug] [2026-05-08T18:03:50.561Z] Got source token Cldwcm9qZWN0cy80MzY2MjQ1MTI4NjkvbG9jYXRpb25zL3VzLWNlbnRyYWwxL2J1aWxkcy84MzU2NmQ1OS0yZTQwLTQ5YjgtODk5My02NDU0ZjkyZTUxMGISYnVzLWNlbnRyYWwxLWRvY2tlci5wa2cuZGV2L2FsbC0tLWluL2djZi1hcnRpZmFjdHMvYWxsLS0tLS0taW5fX3VzLS1jZW50cmFsMV9fYW5hbHl6ZV91cmw6dmVyc2lvbl8xGOWu5cbaDCI8cHJvamVjdHMvYWxsLS0taW4vbG9jYXRpb25zL3VzLWNlbnRyYWwxL2Z1bmN0aW9ucy9hbmFseXplVXJsKgsI+sr4zwYQwI7lNzIIbm9kZWpzMjQ6dgojZ2NyLmlvL2dhZS1ydW50aW1lcy9ub2RlanMyNDpzdGFibGUST3VzLWNlbnRyYWwxLWRvY2tlci5wa2cuZGV2L3NlcnZlcmxlc3MtcnVudGltZXMvZ29vZ2xlLTI0LWZ1bGwvcnVudGltZXMvbm9kZWpzMjRAAQ== for region us-central1
[debug] [2026-05-08T18:03:50.563Z] Checked if tokens are valid: true, expires at: 1778265671212
[debug] [2026-05-08T18:03:50.563Z] Checked if tokens are valid: true, expires at: 1778265671212
[debug] [2026-05-08T18:03:50.563Z] >>> [apiv2][query] POST https://run.googleapis.com/v1/projects/all---in/locations/us-central1/services/analyzeurl:setIamPolicy [none]
[debug] [2026-05-08T18:03:50.563Z] >>> [apiv2][body] POST https://run.googleapis.com/v1/projects/all---in/locations/us-central1/services/analyzeurl:setIamPolicy {"policy":{"bindings":[{"role":"roles/run.invoker","members":["allUsers"]}],"etag":"","version":3},"updateMask":"bindings,etag,version"}
[debug] [2026-05-08T18:03:51.798Z] <<< [apiv2][status] POST https://run.googleapis.com/v1/projects/all---in/locations/us-central1/services/analyzeurl:setIamPolicy 403
[debug] [2026-05-08T18:03:51.798Z] <<< [apiv2][body] POST https://run.googleapis.com/v1/projects/all---in/locations/us-central1/services/analyzeurl:setIamPolicy {"error":{"code":403,"message":"Permission 'run.services.setIamPolicy' denied on resource 'projects/all---in/locations/us-central1/services/analyzeurl' (or resource may not exist).","status":"PERMISSION_DENIED"}}
[error] Failed to set the IAM Policy on the Service projects/all---in/locations/us-central1/services/analyzeurl
[warn] ⚠  functions: Deploys failed. Skipping deletes. 
[debug] [2026-05-08T18:03:51.809Z] Total Function Deployment time: 81470
[debug] [2026-05-08T18:03:51.809Z] 1 Functions Deployed
[debug] [2026-05-08T18:03:51.809Z] 1 Functions Errored
[debug] [2026-05-08T18:03:51.809Z] 0 Function Deployments Aborted
[debug] [2026-05-08T18:03:51.809Z] Average Function Deployment time: 81469
[info] 
[info] Functions deploy had errors with the following functions:
	analyzeUrl(us-central1)
[info] 
[info] Unable to set the invoker for the IAM policy on the following functions:
	analyzeUrl(us-central1)
[info] 
[info] Some common causes of this:
[info] 
[info] - You may not have the roles/functions.admin IAM role. Note that roles/functions.developer does not allow you to change IAM policies.
[info] 
[info] - An organization policy that restricts Network Access on your project.
[debug] [2026-05-08T18:03:52.060Z] Checked if tokens are valid: true, expires at: 1778265671212
[debug] [2026-05-08T18:03:52.060Z] Checked if tokens are valid: true, expires at: 1778265671212
[debug] [2026-05-08T18:03:52.060Z] >>> [apiv2][query] GET https://artifactregistry.googleapis.com/v1/projects/all---in/locations/us-central1/repositories/gcf-artifacts [none]
[debug] [2026-05-08T18:03:53.203Z] <<< [apiv2][status] GET https://artifactregistry.googleapis.com/v1/projects/all---in/locations/us-central1/repositories/gcf-artifacts 200
[debug] [2026-05-08T18:03:53.203Z] <<< [apiv2][body] GET https://artifactregistry.googleapis.com/v1/projects/all---in/locations/us-central1/repositories/gcf-artifacts {"name":"projects/all---in/locations/us-central1/repositories/gcf-artifacts","format":"DOCKER","description":"This repository is created and used by Cloud Functions for storing function docker images.","labels":{"goog-managed-by":"cloudfunctions"},"createTime":"2026-04-17T10:28:22.395301Z","updateTime":"2026-05-08T18:03:33.847035Z","mode":"STANDARD_REPOSITORY","cleanupPolicies":{"firebase-functions-cleanup":{"id":"firebase-functions-cleanup","action":"DELETE","condition":{"tagState":"ANY","olderThan":"86400s"}}},"sizeBytes":"103984615","vulnerabilityScanningConfig":{"lastEnableTime":"2026-04-17T10:28:08.078950321Z","enablementState":"SCANNING_DISABLED","enablementStateReason":"API containerscanning.googleapis.com is not enabled."},"satisfiesPzi":true,"registryUri":"us-central1-docker.pkg.dev/all---in/gcf-artifacts"}
[debug] [2026-05-08T18:03:53.204Z] Functions deploy failed.
[debug] [2026-05-08T18:03:53.204Z] {
  "endpoint": {
    "id": "analyzeUrl",
    "project": "all---in",
    "region": "us-central1",
    "entryPoint": "analyzeUrl",
    "platform": "gcfv2",
    "runtime": "nodejs24",
    "callableTrigger": {},
    "labels": {
      "deployment-tool": "cli-firebase"
    },
    "serviceAccount": null,
    "ingressSettings": null,
    "availableMemoryMb": null,
    "timeoutSeconds": null,
    "maxInstances": null,
    "minInstances": null,
    "concurrency": 80,
    "vpc": null,
    "environmentVariables": {
      "FIREBASE_CONFIG": "{\"projectId\":\"all---in\",\"storageBucket\":\"all---in.firebasestorage.app\"}",
      "GCLOUD_PROJECT": "all---in",
      "EVENTARC_CLOUD_EVENT_SOURCE": "projects/all---in/locations/REGION_TBD/services/analyzeUrl"
    },
    "codebase": "default",
    "cpu": 1,
    "targetedByOnly": false,
    "hash": "18904be6380a47d4446e0d68a2bcae45f207f076",
    "uri": "https://us-central1-all---in.cloudfunctions.net/analyzeUrl",
    "runServiceId": "analyzeurl"
  },
  "op": "set invoker",
  "original": {
    "name": "FirebaseError",
    "children": [],
    "exit": 1,
    "message": "Failed to set the IAM Policy on the Service projects/all---in/locations/us-central1/services/analyzeurl",
    "original": {
      "name": "FirebaseError",
      "children": [],
      "context": {
        "body": {
          "error": {
            "code": 403,
            "message": "Permission 'run.services.setIamPolicy' denied on resource 'projects/all---in/locations/us-central1/services/analyzeurl' (or resource may not exist).",
            "status": "PERMISSION_DENIED"
          }
        },
        "response": {
          "statusCode": 403
        }
      },
      "exit": 1,
      "message": "Request to https://run.googleapis.com/v1/projects/all---in/locations/us-central1/services/analyzeurl:setIamPolicy had HTTP Error: 403, Permission 'run.services.setIamPolicy' denied on resource 'projects/all---in/locations/us-central1/services/analyzeurl' (or resource may not exist).",
      "status": 403
    },
    "status": 403,
    "code": 403
  }
}
[debug] [2026-05-08T18:03:53.290Z] Error: Failed to set invoker function analyzeUrl in region us-central1
    at /Users/junui/.npm-global/lib/node_modules/firebase-tools/lib/deploy/functions/release/fabricator.js:54:11
    at process.processTicksAndRejections (node:internal/process/task_queues:103:5)
    at async Fabricator.createV2Function (/Users/junui/.npm-global/lib/node_modules/firebase-tools/lib/deploy/functions/release/fabricator.js:362:13)
    at async Fabricator.createEndpoint (/Users/junui/.npm-global/lib/node_modules/firebase-tools/lib/deploy/functions/release/fabricator.js:153:13)
    at async Fabricator.wrapOperation (/Users/junui/.npm-global/lib/node_modules/firebase-tools/lib/deploy/functions/release/fabricator.js:138:13)
    at async Promise.all (index 0)
    at async Promise.allSettled (index 0)
    at async Fabricator.applyPlan (/Users/junui/.npm-global/lib/node_modules/firebase-tools/lib/deploy/functions/release/fabricator.js:77:45)
    at async release (/Users/junui/.npm-global/lib/node_modules/firebase-tools/lib/deploy/functions/release/index.js:87:21)
    at async chain (/Users/junui/.npm-global/lib/node_modules/firebase-tools/lib/deploy/index.js:45:9)
[error] 
[error] Error: There was an error deploying functions
[debug] [2026-05-10T11:32:12.050Z] ----------------------------------------------------------------------
[debug] [2026-05-10T11:32:12.051Z] Command:       /usr/local/bin/node /Users/junui/.npm-global/bin/firebase deploy --only functions
[debug] [2026-05-10T11:32:12.051Z] CLI Version:   15.17.0
[debug] [2026-05-10T11:32:12.051Z] Platform:      darwin
[debug] [2026-05-10T11:32:12.051Z] Node Version:  v24.11.1
[debug] [2026-05-10T11:32:12.051Z] Time:          Sun May 10 2026 20:32:12 GMT+0900 (대한민국 표준시)
[debug] [2026-05-10T11:32:12.051Z] ----------------------------------------------------------------------
[debug] 
[debug] [2026-05-10T11:32:12.603Z] > command requires scopes: ["email","openid","https://www.googleapis.com/auth/cloudplatformprojects.readonly","https://www.googleapis.com/auth/firebase","https://www.googleapis.com/auth/cloud-platform"]
[debug] [2026-05-10T11:32:12.603Z] > authorizing via signed-in user (jju07232@gmail.com)
[debug] [2026-05-10T11:32:12.603Z] [iam] checking project all---in for permissions ["cloudfunctions.functions.create","cloudfunctions.functions.delete","cloudfunctions.functions.get","cloudfunctions.functions.list","cloudfunctions.functions.update","cloudfunctions.operations.get","firebase.projects.get"]
[debug] [2026-05-10T11:32:12.603Z] Checked if tokens are valid: false, expires at: 1778265671212
[debug] [2026-05-10T11:32:12.603Z] Checked if tokens are valid: false, expires at: 1778265671212
[debug] [2026-05-10T11:32:12.603Z] > refreshing access token with scopes: []
[debug] [2026-05-10T11:32:12.604Z] >>> [apiv2][query] POST https://www.googleapis.com/oauth2/v3/token [none]
[debug] [2026-05-10T11:32:12.604Z] >>> [apiv2][body] POST https://www.googleapis.com/oauth2/v3/token [omitted]
[debug] [2026-05-10T11:32:12.923Z] <<< [apiv2][status] POST https://www.googleapis.com/oauth2/v3/token 200
[debug] [2026-05-10T11:32:12.923Z] <<< [apiv2][body] POST https://www.googleapis.com/oauth2/v3/token [omitted]
[debug] [2026-05-10T11:32:12.938Z] >>> [apiv2][query] POST https://cloudresourcemanager.googleapis.com/v1/projects/all---in:testIamPermissions [none]
[debug] [2026-05-10T11:32:12.938Z] >>> [apiv2][(partial)header] POST https://cloudresourcemanager.googleapis.com/v1/projects/all---in:testIamPermissions  x-goog-user-project=all---in
[debug] [2026-05-10T11:32:12.938Z] >>> [apiv2][body] POST https://cloudresourcemanager.googleapis.com/v1/projects/all---in:testIamPermissions {"permissions":["cloudfunctions.functions.create","cloudfunctions.functions.delete","cloudfunctions.functions.get","cloudfunctions.functions.list","cloudfunctions.functions.update","cloudfunctions.operations.get","firebase.projects.get"]}
[debug] [2026-05-10T11:32:13.208Z] <<< [apiv2][status] POST https://cloudresourcemanager.googleapis.com/v1/projects/all---in:testIamPermissions 200
[debug] [2026-05-10T11:32:13.208Z] <<< [apiv2][body] POST https://cloudresourcemanager.googleapis.com/v1/projects/all---in:testIamPermissions {"permissions":["cloudfunctions.functions.create","cloudfunctions.functions.delete","cloudfunctions.functions.get","cloudfunctions.functions.list","cloudfunctions.functions.update","cloudfunctions.operations.get","firebase.projects.get"]}
[debug] [2026-05-10T11:32:13.209Z] Checked if tokens are valid: true, expires at: 1778416331923
[debug] [2026-05-10T11:32:13.209Z] Checked if tokens are valid: true, expires at: 1778416331923
[debug] [2026-05-10T11:32:13.209Z] >>> [apiv2][query] POST https://iam.googleapis.com/v1/projects/all---in/serviceAccounts/all---in@appspot.gserviceaccount.com:testIamPermissions [none]
[debug] [2026-05-10T11:32:13.209Z] >>> [apiv2][body] POST https://iam.googleapis.com/v1/projects/all---in/serviceAccounts/all---in@appspot.gserviceaccount.com:testIamPermissions {"permissions":["iam.serviceAccounts.actAs"]}
[debug] [2026-05-10T11:32:14.487Z] <<< [apiv2][status] POST https://iam.googleapis.com/v1/projects/all---in/serviceAccounts/all---in@appspot.gserviceaccount.com:testIamPermissions 404
[debug] [2026-05-10T11:32:14.487Z] <<< [apiv2][body] POST https://iam.googleapis.com/v1/projects/all---in/serviceAccounts/all---in@appspot.gserviceaccount.com:testIamPermissions {"error":{"code":404,"message":"Unknown service account","status":"NOT_FOUND"}}
[debug] [2026-05-10T11:32:14.487Z] [functions] service account IAM check errored, deploy may fail: Request to https://iam.googleapis.com/v1/projects/all---in/serviceAccounts/all---in@appspot.gserviceaccount.com:testIamPermissions had HTTP Error: 404, Unknown service account {"name":"FirebaseError","children":[],"context":{"body":{"error":{"code":404,"message":"Unknown service account","status":"NOT_FOUND"}},"response":{"statusCode":404}},"exit":1,"message":"Request to https://iam.googleapis.com/v1/projects/all---in/serviceAccounts/all---in@appspot.gserviceaccount.com:testIamPermissions had HTTP Error: 404, Unknown service account","status":404}
[info] 
[info] === Deploying to 'all---in'...
[info] 
[info] i  deploying functions 
[debug] [2026-05-10T11:32:14.491Z] Checked if tokens are valid: true, expires at: 1778416331923
[debug] [2026-05-10T11:32:14.491Z] Checked if tokens are valid: true, expires at: 1778416331923
[debug] [2026-05-10T11:32:14.492Z] >>> [apiv2][query] GET https://cloudresourcemanager.googleapis.com/v1/projects/all---in [none]
[debug] [2026-05-10T11:32:14.701Z] <<< [apiv2][status] GET https://cloudresourcemanager.googleapis.com/v1/projects/all---in 200
[debug] [2026-05-10T11:32:14.702Z] <<< [apiv2][body] GET https://cloudresourcemanager.googleapis.com/v1/projects/all---in {"projectNumber":"436624512869","projectId":"all---in","lifecycleState":"ACTIVE","name":"All - in","labels":{"firebase":"enabled","firebase-core":"disabled"},"createTime":"2026-03-31T14:27:41.436Z"}
[info] i  functions: preparing codebase default for deployment 
[info] i  functions: ensuring required API cloudfunctions.googleapis.com is enabled... 
[info] i  functions: ensuring required API cloudbuild.googleapis.com is enabled... 
[info] i  artifactregistry: ensuring required API artifactregistry.googleapis.com is enabled... 
[debug] [2026-05-10T11:32:14.705Z] Checked if tokens are valid: true, expires at: 1778416331923
[debug] [2026-05-10T11:32:14.705Z] Checked if tokens are valid: true, expires at: 1778416331923
[debug] [2026-05-10T11:32:14.705Z] >>> [apiv2][query] GET https://firebase.googleapis.com/v1beta1/projects/all---in/adminSdkConfig [none]
[debug] [2026-05-10T11:32:15.193Z] <<< [apiv2][status] GET https://firebase.googleapis.com/v1beta1/projects/all---in/adminSdkConfig 200
[debug] [2026-05-10T11:32:15.193Z] <<< [apiv2][body] GET https://firebase.googleapis.com/v1beta1/projects/all---in/adminSdkConfig {"projectId":"all---in","storageBucket":"all---in.firebasestorage.app"}
[debug] [2026-05-10T11:32:15.196Z] Validating nodejs source
[debug] [2026-05-10T11:32:15.652Z] > [functions] package.json contents: {
  "name": "functions",
  "description": "Cloud Functions for Firebase",
  "scripts": {
    "serve": "firebase emulators:start --only functions",
    "shell": "firebase functions:shell",
    "start": "npm run shell",
    "deploy": "firebase deploy --only functions",
    "logs": "firebase functions:log"
  },
  "engines": {
    "node": "24"
  },
  "main": "index.js",
  "dependencies": {
    "firebase-admin": "^13.6.0",
    "firebase-functions": "^7.0.0"
  },
  "devDependencies": {
    "firebase-functions-test": "^3.4.1"
  },
  "private": true
}
[debug] [2026-05-10T11:32:15.652Z] Building nodejs source
[info] i  functions: Loading and analyzing source code for codebase default to determine what to deploy 
[debug] [2026-05-10T11:32:15.652Z] Could not find functions.yaml. Must use http discovery
[debug] [2026-05-10T11:32:15.656Z] Found firebase-functions binary at '/Users/junui/Documents/GitHub/front/functions/node_modules/.bin/firebase-functions'
[info] Serving at port 8280

[debug] [2026-05-10T11:32:16.187Z] Got response from /__/functions.yaml {"endpoints":{"analyzeUrl":{"availableMemoryMb":null,"timeoutSeconds":null,"minInstances":null,"maxInstances":null,"ingressSettings":null,"concurrency":null,"serviceAccountEmail":null,"vpc":null,"platform":"gcfv2","labels":{},"callableTrigger":{},"entryPoint":"analyzeUrl"}},"specVersion":"v1alpha1","requiredAPIs":[],"extensions":{}}
[info] i  extensions: ensuring required API firebaseextensions.googleapis.com is enabled... 
[debug] [2026-05-10T11:32:20.213Z] > command requires scopes: ["email","openid","https://www.googleapis.com/auth/cloudplatformprojects.readonly","https://www.googleapis.com/auth/firebase","https://www.googleapis.com/auth/cloud-platform"]
[debug] [2026-05-10T11:32:20.213Z] > authorizing via signed-in user (jju07232@gmail.com)
[debug] [2026-05-10T11:32:20.213Z] [iam] checking project all---in for permissions ["firebase.projects.get","firebaseextensions.instances.list"]
[debug] [2026-05-10T11:32:20.213Z] Checked if tokens are valid: true, expires at: 1778416331923
[debug] [2026-05-10T11:32:20.213Z] Checked if tokens are valid: true, expires at: 1778416331923
[debug] [2026-05-10T11:32:20.214Z] >>> [apiv2][query] POST https://cloudresourcemanager.googleapis.com/v1/projects/all---in:testIamPermissions [none]
[debug] [2026-05-10T11:32:20.214Z] >>> [apiv2][(partial)header] POST https://cloudresourcemanager.googleapis.com/v1/projects/all---in:testIamPermissions  x-goog-user-project=all---in
[debug] [2026-05-10T11:32:20.214Z] >>> [apiv2][body] POST https://cloudresourcemanager.googleapis.com/v1/projects/all---in:testIamPermissions {"permissions":["firebase.projects.get","firebaseextensions.instances.list"]}
[debug] [2026-05-10T11:32:20.518Z] <<< [apiv2][status] POST https://cloudresourcemanager.googleapis.com/v1/projects/all---in:testIamPermissions 200
[debug] [2026-05-10T11:32:20.518Z] <<< [apiv2][body] POST https://cloudresourcemanager.googleapis.com/v1/projects/all---in:testIamPermissions {"permissions":["firebase.projects.get","firebaseextensions.instances.list"]}
[debug] [2026-05-10T11:32:20.519Z] Checked if tokens are valid: true, expires at: 1778416331923
[debug] [2026-05-10T11:32:20.519Z] Checked if tokens are valid: true, expires at: 1778416331923
[debug] [2026-05-10T11:32:20.519Z] >>> [apiv2][query] GET https://firebaseextensions.googleapis.com/v1beta/projects/all---in/instances pageSize=100&pageToken=
[debug] [2026-05-10T11:32:21.532Z] <<< [apiv2][status] GET https://firebaseextensions.googleapis.com/v1beta/projects/all---in/instances 200
[debug] [2026-05-10T11:32:21.533Z] <<< [apiv2][body] GET https://firebaseextensions.googleapis.com/v1beta/projects/all---in/instances {}
[info] i  functions: preparing functions directory for uploading... 
[info] i  functions: packaged /Users/junui/Documents/GitHub/front/functions (70.58 KB) for uploading 
[debug] [2026-05-10T11:32:21.571Z] Checked if tokens are valid: true, expires at: 1778416331923
[debug] [2026-05-10T11:32:21.571Z] Checked if tokens are valid: true, expires at: 1778416331923
[debug] [2026-05-10T11:32:21.571Z] >>> [apiv2][query] GET https://cloudfunctions.googleapis.com/v1/projects/all---in/locations/-/functions [none]
[debug] [2026-05-10T11:32:22.518Z] <<< [apiv2][status] GET https://cloudfunctions.googleapis.com/v1/projects/all---in/locations/-/functions 200
[debug] [2026-05-10T11:32:22.518Z] <<< [apiv2][body] GET https://cloudfunctions.googleapis.com/v1/projects/all---in/locations/-/functions {}
[debug] [2026-05-10T11:32:22.519Z] Checked if tokens are valid: true, expires at: 1778416331923
[debug] [2026-05-10T11:32:22.519Z] Checked if tokens are valid: true, expires at: 1778416331923
[debug] [2026-05-10T11:32:22.519Z] >>> [apiv2][query] GET https://cloudfunctions.googleapis.com/v2/projects/all---in/locations/-/functions filter=environment%3D%22GEN_2%22
[debug] [2026-05-10T11:32:23.925Z] <<< [apiv2][status] GET https://cloudfunctions.googleapis.com/v2/projects/all---in/locations/-/functions 200
[debug] [2026-05-10T11:32:23.926Z] <<< [apiv2][body] GET https://cloudfunctions.googleapis.com/v2/projects/all---in/locations/-/functions {"functions":[{"name":"projects/all---in/locations/us-central1/functions/analyzeUrl","buildConfig":{"build":"projects/436624512869/locations/us-central1/builds/83566d59-2e40-49b8-8993-6454f92e510b","runtime":"nodejs24","entryPoint":"analyzeUrl","source":{"storageSource":{"bucket":"gcf-v2-sources-436624512869-us-central1","object":"analyzeUrl/function-source.zip","generation":"1778263351684675"}},"environmentVariables":{"GOOGLE_NODE_RUN_SCRIPTS":""},"dockerRepository":"projects/all---in/locations/us-central1/repositories/gcf-artifacts","sourceProvenance":{"resolvedStorageSource":{"bucket":"gcf-v2-sources-436624512869-us-central1","object":"analyzeUrl/function-source.zip","generation":"1778263351684675"}},"dockerRegistry":"ARTIFACT_REGISTRY","serviceAccount":"projects/all---in/serviceAccounts/436624512869-compute@developer.gserviceaccount.com","automaticUpdatePolicy":{}},"serviceConfig":{"service":"projects/all---in/locations/us-central1/services/analyzeurl","timeoutSeconds":60,"environmentVariables":{"FIREBASE_CONFIG":"{\"projectId\":\"all---in\",\"storageBucket\":\"all---in.firebasestorage.app\"}","GCLOUD_PROJECT":"all---in","EVENTARC_CLOUD_EVENT_SOURCE":"projects/all---in/locations/REGION_TBD/services/analyzeUrl","FUNCTION_TARGET":"analyzeUrl","LOG_EXECUTION_ID":"true"},"ingressSettings":"ALLOW_ALL","uri":"https://analyzeurl-d6bnq76nha-uc.a.run.app","serviceAccountEmail":"436624512869-compute@developer.gserviceaccount.com","availableMemory":"256Mi","allTrafficOnLatestRevision":true,"revision":"analyzeurl-00001-far","maxInstanceRequestConcurrency":80,"availableCpu":"1"},"state":"ACTIVE","updateTime":"2026-05-08T18:03:47.480497506Z","labels":{"deployment-callable":"true","firebase-functions-hash":"18904be6380a47d4446e0d68a2bcae45f207f076","deployment-tool":"cli-firebase"},"environment":"GEN_2","url":"https://us-central1-all---in.cloudfunctions.net/analyzeUrl","createTime":"2026-05-08T18:02:32.103461533Z","satisfiesPzi":true},{"name":"projects/all---in/locations/us-central1/functions/callOCR","buildConfig":{"build":"projects/436624512869/locations/us-central1/builds/2cb22ae9-6063-4e08-b40f-ff4c9ca16d33","runtime":"nodejs24","entryPoint":"callOCR","source":{"storageSource":{"bucket":"gcf-v2-sources-436624512869-us-central1","object":"callOCR/function-source.zip","generation":"1776421625021241"}},"environmentVariables":{"GOOGLE_NODE_RUN_SCRIPTS":""},"dockerRepository":"projects/all---in/locations/us-central1/repositories/gcf-artifacts","sourceProvenance":{"resolvedStorageSource":{"bucket":"gcf-v2-sources-436624512869-us-central1","object":"callOCR/function-source.zip","generation":"1776421625021241"}},"dockerRegistry":"ARTIFACT_REGISTRY","serviceAccount":"projects/all---in/serviceAccounts/436624512869-compute@developer.gserviceaccount.com","automaticUpdatePolicy":{}},"serviceConfig":{"service":"projects/all---in/locations/us-central1/services/callocr","timeoutSeconds":60,"environmentVariables":{"FIREBASE_CONFIG":"{\"projectId\":\"all---in\",\"storageBucket\":\"all---in.firebasestorage.app\"}","GCLOUD_PROJECT":"all---in","EVENTARC_CLOUD_EVENT_SOURCE":"projects/all---in/locations/us-central1/services/callOCR","FUNCTION_TARGET":"callOCR","LOG_EXECUTION_ID":"true"},"ingressSettings":"ALLOW_ALL","uri":"https://callocr-d6bnq76nha-uc.a.run.app","serviceAccountEmail":"436624512869-compute@developer.gserviceaccount.com","availableMemory":"256Mi","allTrafficOnLatestRevision":true,"revision":"callocr-00001-bop","maxInstanceRequestConcurrency":80,"availableCpu":"1"},"state":"ACTIVE","updateTime":"2026-04-17T10:29:23.468083736Z","labels":{"deployment-tool":"cli-firebase","firebase-functions-hash":"1655233764bf7c1e46530ad18c916223a491171c"},"environment":"GEN_2","url":"https://us-central1-all---in.cloudfunctions.net/callOCR","createTime":"2026-04-17T10:27:05.516321972Z","satisfiesPzi":true}]}
[info] i  functions: ensuring required API run.googleapis.com is enabled... 
[info] i  functions: ensuring required API eventarc.googleapis.com is enabled... 
[info] i  functions: ensuring required API pubsub.googleapis.com is enabled... 
[info] i  functions: ensuring required API storage.googleapis.com is enabled... 
[info] i  functions: generating the service identity for pubsub.googleapis.com... 
[debug] [2026-05-10T11:32:23.932Z] Checked if tokens are valid: true, expires at: 1778416331923
[debug] [2026-05-10T11:32:23.932Z] Checked if tokens are valid: true, expires at: 1778416331923
[info] i  functions: generating the service identity for eventarc.googleapis.com... 
[debug] [2026-05-10T11:32:23.932Z] Checked if tokens are valid: true, expires at: 1778416331923
[debug] [2026-05-10T11:32:23.932Z] Checked if tokens are valid: true, expires at: 1778416331923
[debug] [2026-05-10T11:32:23.932Z] >>> [apiv2][query] POST https://serviceusage.googleapis.com/v1beta1/projects/436624512869/services/pubsub.googleapis.com:generateServiceIdentity [none]
[debug] [2026-05-10T11:32:23.933Z] >>> [apiv2][(partial)header] POST https://serviceusage.googleapis.com/v1beta1/projects/436624512869/services/pubsub.googleapis.com:generateServiceIdentity  x-goog-user-project=436624512869
[debug] [2026-05-10T11:32:23.933Z] >>> [apiv2][body] POST https://serviceusage.googleapis.com/v1beta1/projects/436624512869/services/pubsub.googleapis.com:generateServiceIdentity {}
[debug] [2026-05-10T11:32:23.935Z] >>> [apiv2][query] POST https://serviceusage.googleapis.com/v1beta1/projects/436624512869/services/eventarc.googleapis.com:generateServiceIdentity [none]
[debug] [2026-05-10T11:32:23.935Z] >>> [apiv2][(partial)header] POST https://serviceusage.googleapis.com/v1beta1/projects/436624512869/services/eventarc.googleapis.com:generateServiceIdentity  x-goog-user-project=436624512869
[debug] [2026-05-10T11:32:23.935Z] >>> [apiv2][body] POST https://serviceusage.googleapis.com/v1beta1/projects/436624512869/services/eventarc.googleapis.com:generateServiceIdentity {}
[debug] [2026-05-10T11:32:25.143Z] <<< [apiv2][status] POST https://serviceusage.googleapis.com/v1beta1/projects/436624512869/services/pubsub.googleapis.com:generateServiceIdentity 200
[debug] [2026-05-10T11:32:25.143Z] <<< [apiv2][body] POST https://serviceusage.googleapis.com/v1beta1/projects/436624512869/services/pubsub.googleapis.com:generateServiceIdentity {"name":"operations/finished.DONE_OPERATION","done":true,"response":{"@type":"type.googleapis.com/google.api.serviceusage.v1beta1.ServiceIdentity","email":"service-436624512869@gcp-sa-pubsub.iam.gserviceaccount.com","uniqueId":"111549958579680185525"}}
[debug] [2026-05-10T11:32:25.159Z] <<< [apiv2][status] POST https://serviceusage.googleapis.com/v1beta1/projects/436624512869/services/eventarc.googleapis.com:generateServiceIdentity 200
[debug] [2026-05-10T11:32:25.159Z] <<< [apiv2][body] POST https://serviceusage.googleapis.com/v1beta1/projects/436624512869/services/eventarc.googleapis.com:generateServiceIdentity {"name":"operations/finished.DONE_OPERATION","done":true,"response":{"@type":"type.googleapis.com/google.api.serviceusage.v1beta1.ServiceIdentity","email":"service-436624512869@gcp-sa-eventarc.iam.gserviceaccount.com","uniqueId":"113544267128693646559"}}
[debug] [2026-05-10T11:32:25.164Z] Checked if tokens are valid: true, expires at: 1778416331923
[debug] [2026-05-10T11:32:25.164Z] Checked if tokens are valid: true, expires at: 1778416331923
[debug] [2026-05-10T11:32:25.164Z] >>> [apiv2][query] GET https://cloudresourcemanager.googleapis.com/v1/projects/all---in [none]
[debug] [2026-05-10T11:32:25.377Z] <<< [apiv2][status] GET https://cloudresourcemanager.googleapis.com/v1/projects/all---in 200
[debug] [2026-05-10T11:32:25.378Z] <<< [apiv2][body] GET https://cloudresourcemanager.googleapis.com/v1/projects/all---in {"projectNumber":"436624512869","projectId":"all---in","lifecycleState":"ACTIVE","name":"All - in","labels":{"firebase":"enabled","firebase-core":"disabled"},"createTime":"2026-03-31T14:27:41.436Z"}
[debug] [2026-05-10T11:32:25.378Z] Checked if tokens are valid: true, expires at: 1778416331923
[debug] [2026-05-10T11:32:25.378Z] Checked if tokens are valid: true, expires at: 1778416331923
[debug] [2026-05-10T11:32:25.378Z] >>> [apiv2][query] GET https://compute.googleapis.com/compute/v1/projects/436624512869 [none]
[debug] [2026-05-10T11:32:25.832Z] <<< [apiv2][status] GET https://compute.googleapis.com/compute/v1/projects/436624512869 403
[debug] [2026-05-10T11:32:25.832Z] <<< [apiv2][body] GET https://compute.googleapis.com/compute/v1/projects/436624512869 {"error":{"code":403,"message":"Compute Engine API has not been used in project 436624512869 before or it is disabled. Enable it by visiting https://console.developers.google.com/apis/api/compute.googleapis.com/overview?project=436624512869 then retry. If you enabled this API recently, wait a few minutes for the action to propagate to our systems and retry.","errors":[{"message":"Compute Engine API has not been used in project 436624512869 before or it is disabled. Enable it by visiting https://console.developers.google.com/apis/api/compute.googleapis.com/overview?project=436624512869 then retry. If you enabled this API recently, wait a few minutes for the action to propagate to our systems and retry.","domain":"usageLimits","reason":"accessNotConfigured","extendedHelp":"https://console.developers.google.com"}],"status":"PERMISSION_DENIED","details":[{"@type":"type.googleapis.com/google.rpc.ErrorInfo","reason":"SERVICE_DISABLED","domain":"googleapis.com","metadata":{"activationUrl":"https://console.developers.google.com/apis/api/compute.googleapis.com/overview?project=436624512869","serviceTitle":"Compute Engine API","service":"compute.googleapis.com","consumer":"projects/436624512869","containerInfo":"436624512869"}},{"@type":"type.googleapis.com/google.rpc.LocalizedMessage","locale":"en-US","message":"Compute Engine API has not been used in project 436624512869 before or it is disabled. Enable it by visiting https://console.developers.google.com/apis/api/compute.googleapis.com/overview?project=436624512869 then retry. If you enabled this API recently, wait a few minutes for the action to propagate to our systems and retry."},{"@type":"type.googleapis.com/google.rpc.Help","links":[{"description":"Google developers console API activation","url":"https://console.developers.google.com/apis/api/compute.googleapis.com/overview?project=436624512869"}]}]}}
[debug] [2026-05-10T11:32:25.832Z] unable to look up default compute service account. Falling back to 436624512869-compute@developer.gserviceaccount.com. Error: {"name":"FirebaseError","children":[],"context":{"body":{"error":{"code":403,"message":"Compute Engine API has not been used in project 436624512869 before or it is disabled. Enable it by visiting https://console.developers.google.com/apis/api/compute.googleapis.com/overview?project=436624512869 then retry. If you enabled this API recently, wait a few minutes for the action to propagate to our systems and retry.","errors":[{"message":"Compute Engine API has not been used in project 436624512869 before or it is disabled. Enable it by visiting https://console.developers.google.com/apis/api/compute.googleapis.com/overview?project=436624512869 then retry. If you enabled this API recently, wait a few minutes for the action to propagate to our systems and retry.","domain":"usageLimits","reason":"accessNotConfigured","extendedHelp":"https://console.developers.google.com"}],"status":"PERMISSION_DENIED","details":[{"@type":"type.googleapis.com/google.rpc.ErrorInfo","reason":"SERVICE_DISABLED","domain":"googleapis.com","metadata":{"activationUrl":"https://console.developers.google.com/apis/api/compute.googleapis.com/overview?project=436624512869","serviceTitle":"Compute Engine API","service":"compute.googleapis.com","consumer":"projects/436624512869","containerInfo":"436624512869"}},{"@type":"type.googleapis.com/google.rpc.LocalizedMessage","locale":"en-US","message":"Compute Engine API has not been used in project 436624512869 before or it is disabled. Enable it by visiting https://console.developers.google.com/apis/api/compute.googleapis.com/overview?project=436624512869 then retry. If you enabled this API recently, wait a few minutes for the action to propagate to our systems and retry."},{"@type":"type.googleapis.com/google.rpc.Help","links":[{"description":"Google developers console API activation","url":"https://console.developers.google.com/apis/api/compute.googleapis.com/overview?project=436624512869"}]}]}},"response":{"statusCode":403}},"exit":1,"message":"Request to https://compute.googleapis.com/compute/v1/projects/436624512869 had HTTP Error: 403, Compute Engine API has not been used in project 436624512869 before or it is disabled. Enable it by visiting https://console.developers.google.com/apis/api/compute.googleapis.com/overview?project=436624512869 then retry. If you enabled this API recently, wait a few minutes for the action to propagate to our systems and retry.","status":403}
[debug] [2026-05-10T11:32:25.833Z] Checked if tokens are valid: true, expires at: 1778416331923
[debug] [2026-05-10T11:32:25.834Z] Checked if tokens are valid: true, expires at: 1778416331923
[debug] [2026-05-10T11:32:25.834Z] >>> [apiv2][query] GET https://cloudbilling.googleapis.com/v1/projects/all---in/billingInfo [none]
[debug] [2026-05-10T11:32:27.131Z] <<< [apiv2][status] GET https://cloudbilling.googleapis.com/v1/projects/all---in/billingInfo 200
[debug] [2026-05-10T11:32:27.131Z] <<< [apiv2][body] GET https://cloudbilling.googleapis.com/v1/projects/all---in/billingInfo {"name":"projects/all---in/billingInfo","projectId":"all---in","billingAccountName":"billingAccounts/01A946-D6A8C1-83DA0E","billingEnabled":true}
[debug] [2026-05-10T11:32:27.133Z] Checked if tokens are valid: true, expires at: 1778416331923
[debug] [2026-05-10T11:32:27.133Z] Checked if tokens are valid: true, expires at: 1778416331923
[debug] [2026-05-10T11:32:27.133Z] >>> [apiv2][query] POST https://cloudfunctions.googleapis.com/v2/projects/all---in/locations/us-central1/functions:generateUploadUrl [none]
[debug] [2026-05-10T11:32:28.265Z] <<< [apiv2][status] POST https://cloudfunctions.googleapis.com/v2/projects/all---in/locations/us-central1/functions:generateUploadUrl 200
[debug] [2026-05-10T11:32:28.266Z] <<< [apiv2][body] POST https://cloudfunctions.googleapis.com/v2/projects/all---in/locations/us-central1/functions:generateUploadUrl {"uploadUrl":"https://storage.googleapis.com/gcf-v2-uploads-436624512869.us-central1.cloudfunctions.appspot.com/c4e5fb2f-1a05-4b11-aef5-9b572c8821ed.zip?GoogleAccessId=service-436624512869@gcf-admin-robot.iam.gserviceaccount.com&Expires=1778414548&Signature=MHtu7%2Bq3Av8DMw%2BylX7ydewG5vMi7Y3SZnI4vAnNoBYr3Gcj4HXAhKJ0Vxi7P%2FDP3npqpORWiXeJymt6LgD0%2FfFcjsO%2BRWwuUk%2FkF8bE0L7RbBrF0DZRIadYqXpj0UcsKip9qQC6QLgbkQNku%2Flil6GCmDCG7zQw%2FJaUXOy2hgHhfm472w%2BhOhcIitDUXxnOkElNLHhzThs6085ABh1Q%2BiMyCvSY7IirXoCzE01S%2FYM3Gl%2B9jGXxFSN%2F3IBgWqibCFwwj0iejHaYY7gbWcriG6dwvje2%2BAkc4lFMrF7T0i4%2B6dV7CJilSZSyTnCwYocYlReuzjsBQ7ZrcDXcuct70w%3D%3D","storageSource":{"bucket":"gcf-v2-uploads-436624512869.us-central1.cloudfunctions.appspot.com","object":"c4e5fb2f-1a05-4b11-aef5-9b572c8821ed.zip"}}
[debug] [2026-05-10T11:32:28.267Z] >>> [apiv2][query] PUT https://storage.googleapis.com/gcf-v2-uploads-436624512869.us-central1.cloudfunctions.appspot.com/c4e5fb2f-1a05-4b11-aef5-9b572c8821ed.zip GoogleAccessId=service-436624512869%40gcf-admin-robot.iam.gserviceaccount.com&Expires=1778414548&Signature=MHtu7%2Bq3Av8DMw%2BylX7ydewG5vMi7Y3SZnI4vAnNoBYr3Gcj4HXAhKJ0Vxi7P%2FDP3npqpORWiXeJymt6LgD0%2FfFcjsO%2BRWwuUk%2FkF8bE0L7RbBrF0DZRIadYqXpj0UcsKip9qQC6QLgbkQNku%2Flil6GCmDCG7zQw%2FJaUXOy2hgHhfm472w%2BhOhcIitDUXxnOkElNLHhzThs6085ABh1Q%2BiMyCvSY7IirXoCzE01S%2FYM3Gl%2B9jGXxFSN%2F3IBgWqibCFwwj0iejHaYY7gbWcriG6dwvje2%2BAkc4lFMrF7T0i4%2B6dV7CJilSZSyTnCwYocYlReuzjsBQ7ZrcDXcuct70w%3D%3D
[debug] [2026-05-10T11:32:28.267Z] >>> [apiv2][body] PUT https://storage.googleapis.com/gcf-v2-uploads-436624512869.us-central1.cloudfunctions.appspot.com/c4e5fb2f-1a05-4b11-aef5-9b572c8821ed.zip [stream]
[debug] [2026-05-10T11:32:28.915Z] <<< [apiv2][status] PUT https://storage.googleapis.com/gcf-v2-uploads-436624512869.us-central1.cloudfunctions.appspot.com/c4e5fb2f-1a05-4b11-aef5-9b572c8821ed.zip 200
[debug] [2026-05-10T11:32:28.915Z] <<< [apiv2][body] PUT https://storage.googleapis.com/gcf-v2-uploads-436624512869.us-central1.cloudfunctions.appspot.com/c4e5fb2f-1a05-4b11-aef5-9b572c8821ed.zip [omitted]
[info] ✔  functions: functions source uploaded successfully 
[info] i  functions: Skipping the deploy of unchanged functions. 
[info] 
The following functions are found in your project but do not exist in your local source code:
	callOCR(us-central1)

If you are renaming a function or changing its region, it is recommended that you create the new function first before deleting the old one to prevent event loss. For more info, visit https://firebase.google.com/docs/functions/manage-functions#modify

